,sym_1,sym_2,p_value,t_value,c_value,hedge_ratio,zero_crossings
54,1000LUNCUSDT,MAVIAUSDT,0.0,-4.62,-3.37,1.26,50
1086,KASUSDT,MAVIAUSDT,0.01,-4.08,-3.37,0.9,50
385,ARKMUSDT,POLUSDT,0.0,-4.79,-3.37,1.06,50
563,BLURUSDT,FUSDT,0.01,-3.79,-3.37,3.58,48
814,DYMUSDT,LUNA2USDT,0.0,-4.93,-3.37,0.57,47
122,ACTUSDT,ARKMUSDT,0.01,-4.1,-3.37,0.13,47
870,ETCUSDT,GMTUSDT,0.0,-4.61,-3.37,751.77,47
388,ARUSDT,CYBERUSDT,0.01,-4.03,-3.37,3.05,47
959,FUSDT,GRTUSDT,0.0,-4.3,-3.37,0.21,45
98,1INCHUSDT,ONDOUSDT,0.0,-4.71,-3.37,0.37,45
1038,INJUSDT,SANDUSDT,0.0,-4.5,-3.37,35.96,44
416,ASTERUSDT,MAVIAUSDT,0.0,-4.33,-3.37,20.85,44
813,DYMUSDT,LTCUSDT,0.0,-7.02,-3.37,0.0,43
771,DRIFTUSDT,LDOUSDT,0.0,-5.37,-3.37,0.28,43
362,ARBUSDT,DRIFTUSDT,0.0,-4.29,-3.37,1.2,43
168,ACUUSDT,HYPERUSDT,0.01,-3.84,-3.37,1.14,43
669,CLOUSDT,DYMUSDT,0.03,-3.52,-3.37,1.93,43
325,APEXUSDT,DRIFTUSDT,0.0,-4.43,-3.37,3.44,43
660,CLOUSDT,BIOUSDT,0.04,-3.46,-3.37,3.35,42
419,ASTRUSDT,MUSDT,0.02,-3.66,-3.37,0.01,41
379,ARKMUSDT,DRIFTUSDT,0.0,-4.82,-3.37,1.26,41
776,DRIFTUSDT,ORDIUSDT,0.0,-4.2,-3.37,0.03,41
573,BNBUSDT,MAVIAUSDT,0.03,-3.54,-3.37,18897.21,41
1081,KASUSDT,IOTAUSDT,0.03,-3.58,-3.37,0.46,41
828,EGLDUSDT,BIOUSDT,0.0,-4.65,-3.37,199.39,41
1288,NOTUSDT,ETHFIUSDT,0.03,-3.5,-3.37,0.0,41
1510,SKRUSDT,DEEPUSDT,0.01,-3.84,-3.37,0.83,41
824,EGLDUSDT,ALTUSDT,0.0,-4.34,-3.37,575.66,41
1145,LUNA2USDT,MAVIAUSDT,0.0,-5.32,-3.37,1.88,40
1069,JASMYUSDT,NOTUSDT,0.0,-5.06,-3.37,15.17,40
1149,MANAUSDT,MOVEUSDT,0.0,-4.11,-3.37,4.37,40
763,DOTUSDT,LINEAUSDT,0.04,-3.4,-3.37,470.31,40
572,BNBUSDT,KASUSDT,0.01,-3.93,-3.37,21014.05,40
978,GOATUSDT,INUSDT,0.0,-4.47,-3.37,0.27,39
1036,INJUSDT,JTOUSDT,0.03,-3.55,-3.37,11.16,39
1298,ORDIUSDT,POLUSDT,0.01,-3.91,-3.37,24.66,39
140,ACUUSDT,AUCTIONUSDT,0.01,-3.89,-3.37,0.02,39
756,DOODUSDT,SOLAYERUSDT,0.0,-4.85,-3.37,0.04,39
523,BEAMUSDT,PAXGUSDT,0.02,-3.6,-3.37,0.0,39
810,DYMUSDT,KASUSDT,0.0,-5.39,-3.37,1.2,39
157,ACUUSDT,DUSKUSDT,0.01,-3.99,-3.37,1.16,39
333,APEXUSDT,LDOUSDT,0.0,-4.25,-3.37,0.96,39
1348,PAXGUSDT,BIOUSDT,0.02,-3.73,-3.37,246877.94,38
39,1000FLOKIUSDT,CAKEUSDT,0.0,-4.35,-3.37,0.02,38
123,ACTUSDT,CRVUSDT,0.04,-3.39,-3.37,0.05,38
1134,LINEAUSDT,MAVIAUSDT,0.0,-4.24,-3.37,0.09,38
1292,ONDOUSDT,SOLUSDT,0.01,-4.06,-3.37,0.0,38
412,ASTERUSDT,KASUSDT,0.0,-4.91,-3.37,23.19,38
337,APEXUSDT,MOVEUSDT,0.0,-4.94,-3.37,13.33,38
1164,MAVIAUSDT,APTUSDT,0.01,-3.83,-3.37,0.03,38
467,AVNTUSDT,ESPUSDT,0.04,-3.44,-3.37,1.42,38
381,ARKMUSDT,GALAUSDT,0.0,-5.02,-3.37,30.52,38
747,DOODUSDT,IPUSDT,0.0,-4.51,-3.37,0.0,38
547,BIGTIMEUSDT,SOMIUSDT,0.04,-3.42,-3.37,0.07,38
603,BTCUSDT-13MAR26,LINKUSDT,0.01,-4.04,-3.37,7758.0,37
143,ACUUSDT,AXLUSDT,0.01,-4.08,-3.37,1.89,37
578,BRETTUSDT,GIGGLEUSDT,0.04,-3.43,-3.37,0.0,37
764,DOTUSDT,MAVIAUSDT,0.0,-4.17,-3.37,44.59,37
1121,LINEAUSDT,BNBUSDT,0.01,-4.07,-3.37,0.0,37
815,DYMUSDT,MAVIAUSDT,0.0,-4.53,-3.37,1.08,37
91,1INCHUSDT,CELOUSDT,0.01,-3.87,-3.37,1.25,37
1131,LINEAUSDT,JASMYUSDT,0.04,-3.46,-3.37,0.57,37
1039,INUSDT,1000FLOKIUSDT,0.02,-3.74,-3.37,2.4,37
1064,IPUSDT,METUSDT,0.0,-4.38,-3.37,4.95,37
31,1000FLOKIUSDT,BNBUSDT,0.0,-4.27,-3.37,0.0,37
428,AUCTIONUSDT,BIOUSDT,0.0,-4.28,-3.37,225.74,37
1012,HYPERUSDT,KGENUSDT,0.01,-4.01,-3.37,0.42,36
1363,PENGUUSDT,ROSEUSDT,0.02,-3.68,-3.37,0.59,36
1099,KGENUSDT,ELSAUSDT,0.01,-3.84,-3.37,2.85,36
11,1000000MOGUSDT,DRIFTUSDT,0.0,-4.41,-3.37,1.9,36
928,FILUSDT,MIRAUSDT,0.02,-3.72,-3.37,11.29,36
665,CLOUSDT,CROUSDT,0.03,-3.49,-3.37,0.93,36
162,ACUUSDT,FFUSDT,0.01,-3.92,-3.37,1.36,36
555,BIRBUSDT,MNTUSDT,0.0,-4.54,-3.37,0.21,36
553,BIRBUSDT,LINEAUSDT,0.04,-3.46,-3.37,45.57,36
751,DOODUSDT,MIRAUSDT,0.01,-4.08,-3.37,0.03,36
543,BIGTIMEUSDT,ELSAUSDT,0.04,-3.43,-3.37,0.18,36
377,ARKMUSDT,CRVUSDT,0.03,-3.52,-3.37,0.43,36
775,DRIFTUSDT,MOVEUSDT,0.03,-3.5,-3.37,3.87,36
1162,MASKUSDT,MAVIAUSDT,0.04,-3.38,-3.37,13.12,36
16,1000000MOGUSDT,MEWUSDT,0.0,-4.79,-3.37,263.97,36
1068,IPUSDT,SEIUSDT,0.03,-3.59,-3.37,12.51,36
856,ENSOUSDT,ESPUSDT,0.0,-5.03,-3.37,11.06,36
1055,INUSDT,MONUSDT,0.01,-4.09,-3.37,3.15,35
1041,INUSDT,BTCUSDT,0.0,-4.51,-3.37,0.0,35
1111,KSMUSDT,MAVIAUSDT,0.03,-3.58,-3.37,136.86,35
1088,KASUSDT,ROSEUSDT,0.01,-3.96,-3.37,2.56,35
969,GALAUSDT,ORDIUSDT,0.0,-4.85,-3.37,0.0,35
1084,KASUSDT,LTCUSDT,0.0,-4.66,-3.37,0.0,35
317,APEXUSDT,ARKMUSDT,0.0,-4.51,-3.37,2.74,35
758,DOTUSDT,BNBUSDT,0.03,-3.54,-3.37,0.0,35
144,ACUUSDT,BCHUSDT,0.01,-3.96,-3.37,0.0,35
638,CELOUSDT,DRIFTUSDT,0.0,-4.85,-3.37,0.91,35
808,DYMUSDT,IOTAUSDT,0.0,-6.7,-3.37,0.56,35
258,ALICEUSDT,JTOUSDT,0.0,-4.2,-3.37,0.47,35
324,APEXUSDT,DOODUSDT,0.01,-4.0,-3.37,95.84,35
210,ADAUSDT,ARUSDT,0.01,-3.89,-3.37,0.16,35
1535,SOONUSDT,ONDOUSDT,0.03,-3.5,-3.37,0.63,35
2,0GUSDT,ORBSUSDT,0.0,-4.54,-3.37,54.83,35
484,AZTECUSDT,MAVIAUSDT,0.0,-4.85,-3.37,0.64,35
283,ALTUSDT,LINEAUSDT,0.03,-3.48,-3.37,2.27,35
1173,MAVIAUSDT,ORDIUSDT,0.04,-3.46,-3.37,0.01,35
1302,PARTIUSDT,ASTERUSDT,0.02,-3.68,-3.37,0.12,35
41,1000FLOKIUSDT,MASKUSDT,0.03,-3.49,-3.37,0.06,35
492,BANUSDT,SENTUSDT,0.02,-3.76,-3.37,5.04,35
1188,MEUSDT,CROUSDT,0.05,-3.37,-3.37,1.5,35
1230,MOODENGUSDT,ONDOUSDT,0.03,-3.54,-3.37,0.19,35
47,1000LUNCUSDT,BLURUSDT,0.01,-3.97,-3.37,2.2,35
1174,MAVIAUSDT,PENDLEUSDT,0.01,-3.92,-3.37,0.03,34
1021,ICPUSDT,ASTERUSDT,0.01,-3.77,-3.37,3.53,34
126,ACTUSDT,FUSDT,0.01,-3.92,-3.37,2.47,34
329,APEXUSDT,GMTUSDT,0.01,-3.88,-3.37,25.77,34
63,1000NEIROCTOUSDT,OPUSDT,0.03,-3.5,-3.37,0.55,34
1082,KASUSDT,LINEAUSDT,0.04,-3.4,-3.37,9.49,34
94,1INCHUSDT,ENSUSDT,0.0,-4.65,-3.37,0.02,34
1030,IMXUSDT,LINEAUSDT,0.03,-3.48,-3.37,49.11,34
1514,SOLAYERUSDT,BATUSDT,0.03,-3.55,-3.37,0.84,34
1176,MAVIAUSDT,PUMPFUNUSDT,0.03,-3.55,-3.37,17.09,34
196,ACUUSDT,PARTIUSDT,0.0,-4.72,-3.37,1.17,34
204,ACUUSDT,SLPUSDT,0.01,-3.82,-3.37,188.61,34
321,APEXUSDT,CELOUSDT,0.03,-3.55,-3.37,3.8,34
240,AKEUSDT,BREVUSDT,0.0,-5.51,-3.37,0.0,34
320,APEXUSDT,BIGTIMEUSDT,0.01,-3.88,-3.37,21.36,34
605,BTCUSDT-20MAR26,BTCUSDT-27MAR26,0.03,-3.57,-3.37,1.0,34
307,APEUSDT,APEXUSDT,0.0,-5.62,-3.37,0.34,33
565,BLURUSDT,KASUSDT,0.0,-4.11,-3.37,0.64,33
596,BTCUSDT,LINKUSDT,0.01,-4.01,-3.37,7752.42,33
617,BTCUSDT-25DEC26,ETHUSDT,0.03,-3.56,-3.37,35.28,33
383,ARKMUSDT,ORDIUSDT,0.01,-3.9,-3.37,0.04,33
442,AUCTIONUSDT,MAVIAUSDT,0.0,-4.77,-3.37,140.4,33
482,AZTECUSDT,INUSDT,0.0,-4.69,-3.37,0.32,33
219,ADAUSDT,ENSUSDT,0.02,-3.69,-3.37,0.04,33
286,ALTUSDT,MAGICUSDT,0.01,-3.95,-3.37,0.12,33
227,ADAUSDT,SOLUSDT,0.03,-3.58,-3.37,0.0,33
367,ARCUSDT,BOMEUSDT,0.03,-3.55,-3.37,96.53,33
220,ADAUSDT,LUNA2USDT,0.03,-3.53,-3.37,4.17,33
334,APEXUSDT,MANAUSDT,0.0,-4.9,-3.37,3.05,33
584,BRETTUSDT,PYTHUSDT,0.01,-3.82,-3.37,0.15,33
620,BTCUSDT-25DEC26,ETHUSDT-27MAR26,0.03,-3.57,-3.37,35.2,33
183,ACUUSDT,LUMIAUSDT,0.01,-3.84,-3.37,1.63,33
188,ACUUSDT,MEUSDT,0.01,-3.94,-3.37,0.89,33
678,CLOUSDT,HYPERUSDT,0.03,-3.52,-3.37,0.79,33
762,DOTUSDT,KASUSDT,0.0,-4.37,-3.37,49.58,33
866,ESPUSDT,MIRAUSDT,0.0,-4.83,-3.37,1.33,33
787,DYMUSDT,1000LUNCUSDT,0.0,-4.58,-3.37,0.85,33
722,CYBERUSDT,LUNA2USDT,0.02,-3.64,-3.37,8.49,33
1221,MOCAUSDT,BATUSDT,0.03,-3.56,-3.37,0.15,33
1042,INUSDT,BTCUSDT-13MAR26,0.0,-4.5,-3.37,0.0,33
1043,INUSDT,BTCUSDT-20MAR26,0.01,-3.89,-3.37,0.0,33
1115,LDOUSDT,MIRAUSDT,0.04,-3.45,-3.37,3.46,33
66,1000PEPEUSDT,ACTUSDT,0.03,-3.51,-3.37,0.25,33
101,2ZUSDT,BLESSUSDT,0.01,-3.92,-3.37,15.35,33
1172,MAVIAUSDT,LTCUSDT,0.03,-3.58,-3.37,0.0,33
1166,MAVIAUSDT,CAKEUSDT,0.03,-3.59,-3.37,0.02,33
1047,INUSDT,BTCUSDT-27MAR26,0.01,-3.89,-3.37,0.0,33
1044,INUSDT,BTCUSDT-24APR26,0.01,-3.88,-3.37,0.0,33
79,1000PEPEUSDT,POLUSDT,0.0,-4.17,-3.37,0.03,33
1496,ROSEUSDT,1000LUNCUSDT,0.01,-3.86,-3.37,0.28,32
1426,ROBOUSDT,ALICEUSDT,0.05,-3.37,-3.37,0.35,32
1144,LUMIAUSDT,SLPUSDT,0.01,-3.82,-3.37,115.72,32
1319,PARTIUSDT,HBARUSDT,0.04,-3.45,-3.37,0.89,32
1359,PAXGUSDT,MAVIAUSDT,0.02,-3.77,-3.37,153526.4,32
326,APEXUSDT,ETCUSDT,0.02,-3.65,-3.37,0.03,32
768,DRIFTUSDT,ETCUSDT,0.0,-4.8,-3.37,0.01,32
692,CLOUSDT,LTCUSDT,0.03,-3.48,-3.37,0.0,32
44,1000FLOKIUSDT,SHIB1000USDT,0.04,-3.39,-3.37,5.17,32
1178,MEMEUSDT,1000000MOGUSDT,0.04,-3.38,-3.37,0.0,32
1067,IPUSDT,NIGHTUSDT,0.04,-3.4,-3.37,14.21,32
45,1000LUNCUSDT,ACEUSDT,0.02,-3.76,-3.37,0.29,32
1273,MYXUSDT,PIPPINUSDT,0.01,-3.81,-3.37,0.84,32
1054,INUSDT,MNTUSDT,0.0,-4.13,-3.37,0.1,32
992,HANAUSDT,SENTUSDT,0.02,-3.63,-3.37,1.62,32
99,1INCHUSDT,SOLUSDT,0.0,-4.62,-3.37,0.0,32
121,ACTUSDT,APTUSDT,0.03,-3.47,-3.37,0.01,32
998,HOMEUSDT,EULUSDT,0.04,-3.47,-3.37,0.02,32
262,ALTUSDT,ASTERUSDT,0.01,-3.84,-3.37,0.01,32
465,AVAXUSDT,PORTALUSDT,0.01,-3.84,-3.37,776.88,32
403,ASTERUSDT,DOTUSDT,0.02,-3.62,-3.37,0.47,32
302,ANKRUSDT,KGENUSDT,0.03,-3.49,-3.37,0.02,32
197,ACUUSDT,PAXGUSDT,0.01,-3.94,-3.37,0.0,32
402,ASTERUSDT,CROUSDT,0.01,-3.82,-3.37,9.27,32
712,CRVUSDT,GALAUSDT,0.02,-3.74,-3.37,71.48,32
575,BRETTUSDT,APEXUSDT,0.04,-3.41,-3.37,0.03,32
834,EGLDUSDT,FOLKSUSDT,0.0,-4.15,-3.37,3.43,31
846,EGLDUSDT,RENDERUSDT,0.0,-4.21,-3.37,3.01,31
833,EGLDUSDT,FOGOUSDT,0.01,-3.96,-3.37,178.7,31
120,ACTUSDT,APEXUSDT,0.01,-4.02,-3.37,0.05,31
100,2ZUSDT,ANKRUSDT,0.02,-3.75,-3.37,17.24,31
923,FFUSDT,PAXGUSDT,0.01,-3.8,-3.37,0.0,31
56,1000NEIROCTOUSDT,1000PEPEUSDT,0.0,-4.27,-3.37,19.65,31
1159,MASKUSDT,CAKEUSDT,0.0,-4.44,-3.37,0.33,31
1184,METUSDT,MIRAUSDT,0.0,-4.71,-3.37,1.94,31
1197,MIRAUSDT,MOVEUSDT,0.02,-3.72,-3.37,4.0,31
1199,MIRAUSDT,SEIUSDT,0.02,-3.73,-3.37,1.3,31
1228,MOODENGUSDT,1INCHUSDT,0.0,-4.39,-3.37,0.52,31
1222,MOCAUSDT,DOODUSDT,0.04,-3.47,-3.37,4.95,31
1347,PAXGUSDT,BERAUSDT,0.0,-4.2,-3.37,9484.65,31
1045,INUSDT,BTCUSDT-25DEC26,0.01,-3.83,-3.37,0.0,31
1046,INUSDT,BTCUSDT-25SEP26,0.01,-3.83,-3.37,0.0,31
84,1000RATSUSDT,MEWUSDT,0.05,-3.37,-3.37,77.23,31
1057,INUSDT,SHIB1000USDT,0.02,-3.63,-3.37,12.38,31
1065,IPUSDT,MIRAUSDT,0.01,-3.8,-3.37,9.6,31
1211,MNTUSDT,MOODENGUSDT,0.01,-4.02,-3.37,13.93,31
43,1000FLOKIUSDT,PUMPFUNUSDT,0.03,-3.58,-3.37,14.41,31
1171,MAVIAUSDT,GIGGLEUSDT,0.04,-3.4,-3.37,0.0,31
141,ACUUSDT,AUSDT,0.01,-3.92,-3.37,1.31,31
780,DUSKUSDT,COWUSDT,0.03,-3.52,-3.37,0.37,31
568,BLURUSDT,MAVIAUSDT,0.02,-3.7,-3.37,0.58,31
566,BLURUSDT,LTCUSDT,0.02,-3.73,-3.37,0.0,31
577,BRETTUSDT,EIGENUSDT,0.01,-4.04,-3.37,0.04,31
676,CLOUSDT,HBARUSDT,0.02,-3.62,-3.37,0.72,31
636,CCUSDT,HYPERUSDT,0.02,-3.67,-3.37,1.72,31
632,BTCUSDT-27MAR26,LINKUSDT,0.01,-4.05,-3.37,7765.79,31
610,BTCUSDT-20MAR26,LINKUSDT,0.01,-4.03,-3.37,7761.91,31
614,BTCUSDT-24APR26,ETHUSDT-27MAR26,0.03,-3.54,-3.37,34.31,31
163,ACUUSDT,FOLKSUSDT,0.01,-3.99,-3.37,0.08,31
770,DRIFTUSDT,GMTUSDT,0.0,-4.86,-3.37,7.49,31
146,ACUUSDT,BIOUSDT,0.0,-4.73,-3.37,4.84,31
153,ACUUSDT,CLOUSDT,0.01,-3.95,-3.37,1.45,31
715,CYBERUSDT,1000000MOGUSDT,0.05,-3.37,-3.37,3.39,31
723,CYBERUSDT,NOMUSDT,0.0,-4.52,-3.37,153.96,31
739,DOGEUSDT,INUSDT,0.01,-3.79,-3.37,1.36,31
709,CROUSDT,KASUSDT,0.01,-3.94,-3.37,2.5,31
772,DRIFTUSDT,MANAUSDT,0.0,-4.59,-3.37,0.89,31
405,ASTERUSDT,EGLDUSDT,0.04,-3.41,-3.37,0.17,31
466,AVAXUSDT,SHIB1000USDT,0.04,-3.4,-3.37,1678.3,31
480,AXSUSDT,SOLAYERUSDT,0.01,-3.77,-3.37,13.98,31
328,APEXUSDT,GALAUSDT,0.02,-3.69,-3.37,83.51,31
323,APEXUSDT,DASHUSDT,0.04,-3.43,-3.37,0.01,31
315,APEUSDT,SOLAYERUSDT,0.01,-3.86,-3.37,1.18,31
319,APEXUSDT,BATUSDT,0.0,-4.22,-3.37,2.87,31
309,APEUSDT,DOODUSDT,0.0,-4.22,-3.37,32.75,31
314,APEUSDT,POLUSDT,0.0,-4.65,-3.37,0.99,31
281,ALTUSDT,INUSDT,0.01,-4.08,-3.37,0.11,31
248,ALGOUSDT,ARUSDT,0.04,-3.38,-3.37,0.05,31
261,ALLOUSDT,ASTRUSDT,0.02,-3.61,-3.37,15.83,31
259,ALICEUSDT,RONINUSDT,0.03,-3.54,-3.37,1.33,31
3,1000000MOGUSDT,1000NEIROCTOUSDT,0.03,-3.5,-3.37,2.37,31
1,0GUSDT,IPUSDT,0.02,-3.73,-3.37,0.72,31
1343,PARTIUSDT,SNXUSDT,0.02,-3.6,-3.37,0.27,30
273,ALTUSDT,CAKEUSDT,0.01,-4.02,-3.37,0.01,30
279,ALTUSDT,ETHUSDT-27MAR26,0.03,-3.57,-3.37,0.0,30
277,ALTUSDT,ETHUSDT-24APR26,0.03,-3.56,-3.37,0.0,30
276,ALTUSDT,ETHUSDT,0.03,-3.58,-3.37,0.0,30
178,ACUUSDT,KGENUSDT,0.01,-4.05,-3.37,0.47,30
549,BIRBUSDT,1000FLOKIUSDT,0.03,-3.58,-3.37,5.12,30
688,CLOUSDT,KASUSDT,0.03,-3.56,-3.37,2.32,30
674,CLOUSDT,GOATUSDT,0.0,-4.3,-3.37,3.78,30
1358,PAXGUSDT,KGENUSDT,0.01,-3.96,-3.37,24129.42,30
711,CRVUSDT,ARBUSDT,0.03,-3.54,-3.37,2.45,30
740,DOGEUSDT,ROSEUSDT,0.0,-4.15,-3.37,7.8,30
511,BEAMUSDT,DUSKUSDT,0.03,-3.49,-3.37,0.02,30
750,DOODUSDT,METUSDT,0.0,-5.59,-3.37,0.02,30
749,DOODUSDT,MANAUSDT,0.0,-5.44,-3.37,0.03,30
1278,MYXUSDT,ROBOUSDT,0.04,-3.42,-3.37,7.26,30
490,BANUSDT,INITUSDT,0.03,-3.59,-3.37,1.37,30
1136,LINEAUSDT,PORTALUSDT,0.04,-3.39,-3.37,0.27,30
1129,LINEAUSDT,CROUSDT,0.03,-3.5,-3.37,0.04,30
1098,KGENUSDT,CROUSDT,0.02,-3.6,-3.37,2.82,30
1103,KGENUSDT,MONUSDT,0.01,-3.86,-3.37,9.91,30
782,DUSKUSDT,ORCAUSDT,0.03,-3.55,-3.37,0.1,30
816,DYMUSDT,MEUSDT,0.02,-3.59,-3.37,0.32,30
801,DYMUSDT,GRTUSDT,0.0,-5.34,-3.37,1.41,30
493,BATUSDT,DOODUSDT,0.0,-4.42,-3.37,33.35,30
853,ELSAUSDT,MEUSDT,0.01,-4.02,-3.37,0.66,30
125,ACTUSDT,DRIFTUSDT,0.04,-3.45,-3.37,0.16,30
421,ATOMUSDT,DYMUSDT,0.03,-3.58,-3.37,49.75,30
871,ETCUSDT,MOVEUSDT,0.03,-3.53,-3.37,388.99,30
1196,MIRAUSDT,MOCAUSDT,0.02,-3.73,-3.37,5.8,30
930,FLUXUSDT,ALGOUSDT,0.04,-3.4,-3.37,0.68,30
922,FFUSDT,PARTIUSDT,0.03,-3.52,-3.37,0.86,30
920,FFUSDT,MAVIAUSDT,0.0,-4.29,-3.37,2.2,30
60,1000NEIROCTOUSDT,DRIFTUSDT,0.01,-4.02,-3.37,0.8,30
394,ARUSDT,MAVIAUSDT,0.01,-4.07,-3.37,48.53,30
224,ADAUSDT,OPUSDT,0.05,-3.37,-3.37,2.15,30
1138,LINEAUSDT,ROSEUSDT,0.0,-4.15,-3.37,0.27,30
952,FOGOUSDT,POPCATUSDT,0.03,-3.48,-3.37,0.46,30
1463,ROBOUSDT,GALAUSDT,0.02,-3.67,-3.37,12.63,30
343,APEXUSDT,SOLAYERUSDT,0.01,-3.98,-3.37,3.44,30
24,10000SATSUSDT,PENGUUSDT,0.01,-3.89,-3.37,0.02,30
64,1000NEIROCTOUSDT,POLUSDT,0.0,-4.12,-3.37,0.68,30
1119,LINEAUSDT,ARUSDT,0.02,-3.7,-3.37,0.0,30
10,1000000MOGUSDT,CELOUSDT,0.01,-3.82,-3.37,2.09,30
619,BTCUSDT-25DEC26,ETHUSDT-26JUN26,0.03,-3.56,-3.37,34.94,29
618,BTCUSDT-25DEC26,ETHUSDT-24APR26,0.03,-3.57,-3.37,35.13,29
255,ALICEUSDT,APEXUSDT,0.02,-3.7,-3.37,0.43,29
579,BRETTUSDT,HBARUSDT,0.0,-4.34,-3.37,0.07,29
608,BTCUSDT-20MAR26,ETHUSDT-26JUN26,0.03,-3.54,-3.37,33.97,29
601,BTCUSDT-13MAR26,ETHUSDT-26JUN26,0.03,-3.55,-3.37,33.95,29
593,BTCUSDT,ETHUSDT-24APR26,0.03,-3.57,-3.37,34.11,29
285,ALTUSDT,LUMIAUSDT,0.0,-4.81,-3.37,0.12,29
172,ACUUSDT,INUSDT,0.01,-4.01,-3.37,1.49,29
569,BLURUSDT,MNTUSDT,0.03,-3.53,-3.37,0.03,29
661,CLOUSDT,BROCCOLIUSDT,0.04,-3.39,-3.37,5.38,29
657,CLOUSDT,AUSDT,0.03,-3.51,-3.37,0.9,29
1332,PARTIUSDT,MAGICUSDT,0.03,-3.58,-3.37,1.4,29
1313,PARTIUSDT,DUSKUSDT,0.03,-3.59,-3.37,0.99,29
1309,PARTIUSDT,CLOUSDT,0.03,-3.52,-3.37,1.23,29
529,BERAUSDT,BIOUSDT,0.01,-3.81,-3.37,26.01,29
729,DASHUSDT,OPUSDT,0.03,-3.55,-3.37,271.1,29
728,DASHUSDT,MEMEUSDT,0.01,-3.91,-3.37,55712.32,29
1015,HYPERUSDT,MEUSDT,0.01,-3.85,-3.37,0.78,29
97,1INCHUSDT,MAVIAUSDT,0.02,-3.59,-3.37,2.81,29
338,APEXUSDT,OPUSDT,0.0,-4.21,-3.37,2.35,29
779,DUSKUSDT,BLESSUSDT,0.02,-3.59,-3.37,18.01,29
769,DRIFTUSDT,GALAUSDT,0.01,-3.92,-3.37,24.27,29
793,DYMUSDT,CELOUSDT,0.0,-6.74,-3.37,0.48,29
788,DYMUSDT,AAVEUSDT,0.01,-3.78,-3.37,0.0,29
1092,KGENUSDT,ATHUSDT,0.03,-3.49,-3.37,34.42,29
1087,KASUSDT,MEUSDT,0.03,-3.48,-3.37,0.27,29
799,DYMUSDT,GIGGLEUSDT,0.0,-4.77,-3.37,0.0,29
798,DYMUSDT,FUSDT,0.0,-4.75,-3.37,6.69,29
472,AXLUSDT,PARTIUSDT,0.05,-3.37,-3.37,0.62,29
491,BANUSDT,MUSDT,0.03,-3.56,-3.37,0.08,29
1239,MYXUSDT,BIRBUSDT,0.04,-3.39,-3.37,2.18,29
858,ENSOUSDT,MIRAUSDT,0.01,-4.05,-3.37,14.68,29
454,AUSDT,HYPERUSDT,0.0,-4.11,-3.37,0.87,29
447,AUSDT,AXLUSDT,0.02,-3.74,-3.37,1.45,29
112,AAVEUSDT,ONDOUSDT,0.0,-5.57,-3.37,436.53,29
340,APEXUSDT,POLUSDT,0.01,-3.91,-3.37,2.91,29
968,GALAUSDT,OPUSDT,0.0,-5.61,-3.37,0.03,29
966,GALAUSDT,GRTUSDT,0.02,-3.69,-3.37,0.13,29
997,HOLOUSDT,PIEVERSEUSDT,0.04,-3.42,-3.37,0.12,29
995,HMSTRUSDT,IMXUSDT,0.02,-3.74,-3.37,0.0,29
434,AUCTIONUSDT,EGLDUSDT,0.02,-3.69,-3.37,1.13,29
1225,MOCAUSDT,MOVEUSDT,0.01,-3.88,-3.37,0.69,29
880,ETHUSDT,LINKUSDT,0.02,-3.75,-3.37,226.27,29
878,ETHUSDT,BTCUSDT-25SEP26,0.03,-3.48,-3.37,0.03,29
885,ETHUSDT-24APR26,LINKUSDT,0.01,-3.86,-3.37,227.28,29
38,1000FLOKIUSDT,BTCUSDT-27MAR26,0.04,-3.44,-3.37,0.0,29
37,1000FLOKIUSDT,BTCUSDT-25SEP26,0.03,-3.48,-3.37,0.0,29
34,1000FLOKIUSDT,BTCUSDT-20MAR26,0.04,-3.45,-3.37,0.0,29
33,1000FLOKIUSDT,BTCUSDT-13MAR26,0.04,-3.46,-3.37,0.0,29
411,ASTERUSDT,INUSDT,0.01,-3.85,-3.37,10.32,29
409,ASTERUSDT,HBARUSDT,0.01,-4.11,-3.37,7.22,29
32,1000FLOKIUSDT,BTCUSDT,0.03,-3.48,-3.37,0.0,29
1202,MNTUSDT,ARBUSDT,0.02,-3.61,-3.37,6.8,29
1195,MIRAUSDT,COMPUSDT,0.04,-3.47,-3.37,0.0,29
1194,MIRAUSDT,0GUSDT,0.04,-3.4,-3.37,0.14,29
1193,MEUSDT,SOONUSDT,0.01,-3.8,-3.37,0.71,29
961,FUSDT,POLUSDT,0.0,-5.38,-3.37,0.05,29
1167,MAVIAUSDT,CRVUSDT,0.04,-3.47,-3.37,0.14,29
420,ATHUSDT,ELSAUSDT,0.01,-3.8,-3.37,0.08,29
1190,MEUSDT,LTCUSDT,0.01,-3.89,-3.37,0.0,29
230,AEROUSDT,APEXUSDT,0.01,-4.06,-3.37,1.18,29
87,1000TURBOUSDT,APEXUSDT,0.0,-4.62,-3.37,3.28,29
1075,KAITOUSDT,SKRUSDT,0.03,-3.57,-3.37,15.19,29
1059,IOTAUSDT,1000LUNCUSDT,0.03,-3.56,-3.37,1.53,29
1056,INUSDT,ONDOUSDT,0.03,-3.59,-3.37,0.26,29
389,ARUSDT,DRIFTUSDT,0.04,-3.47,-3.37,19.55,29
387,ARUSDT,CELOUSDT,0.03,-3.57,-3.37,21.58,29
376,ARKMUSDT,BATUSDT,0.04,-3.44,-3.37,1.05,29
374,ARCUSDT,SLPUSDT,0.01,-3.97,-3.37,72.1,29
17,1000000MOGUSDT,ONDOUSDT,0.02,-3.74,-3.37,0.62,29
1534,SOONUSDT,NOMUSDT,0.0,-4.66,-3.37,46.21,29
594,BTCUSDT,ETHUSDT-26JUN26,0.03,-3.55,-3.37,33.93,29
630,BTCUSDT-27MAR26,ETHUSDT-26JUN26,0.03,-3.54,-3.37,33.99,29
274,ALTUSDT,DOTUSDT,0.04,-3.41,-3.37,0.0,29
72,1000PEPEUSDT,DRIFTUSDT,0.0,-4.42,-3.37,0.04,29
68,1000PEPEUSDT,APEXUSDT,0.04,-3.43,-3.37,0.01,29
28,1000BONKUSDT,MAVIAUSDT,0.01,-4.05,-3.37,0.18,29
12,1000000MOGUSDT,EIGENUSDT,0.01,-4.07,-3.37,0.85,29
1539,SOONUSDT,SOMIUSDT,0.03,-3.58,-3.37,0.84,28
1524,SOONUSDT,BLURUSDT,0.03,-3.53,-3.37,8.3,28
582,BRETTUSDT,MEMEUSDT,0.01,-3.8,-3.37,12.2,28
71,1000PEPEUSDT,DASHUSDT,0.0,-4.4,-3.37,0.0,28
65,1000PEPEUSDT,1000TURBOUSDT,0.03,-3.54,-3.37,0.0,28
1505,SHIB1000USDT,SLPUSDT,0.0,-4.5,-3.37,10.22,28
1066,IPUSDT,MOCAUSDT,0.01,-4.06,-3.37,55.75,28
1077,KASUSDT,1000LUNCUSDT,0.02,-3.75,-3.37,0.71,28
1512,SNXUSDT,CELOUSDT,0.03,-3.53,-3.37,4.19,28
226,ADAUSDT,SANDUSDT,0.05,-3.37,-3.37,3.19,28
1160,MASKUSDT,DOGEUSDT,0.04,-3.44,-3.37,4.78,28
862,ENSUSDT,APTUSDT,0.04,-3.39,-3.37,6.13,28
863,ENSUSDT,SOLUSDT,0.03,-3.47,-3.37,0.07,28
439,AUCTIONUSDT,KGENUSDT,0.01,-3.8,-3.37,22.07,28
345,APTUSDT,ARBUSDT,0.0,-4.59,-3.37,9.69,28
1415,PORTALUSDT,SHIB1000USDT,0.04,-3.44,-3.37,2.16,28
1198,MIRAUSDT,NIGHTUSDT,0.0,-5.05,-3.37,1.48,28
350,APTUSDT,DYMUSDT,0.02,-3.61,-3.37,26.77,28
975,GMTUSDT,MOVEUSDT,0.03,-3.56,-3.37,0.52,28
458,AUSDT,KGENUSDT,0.0,-4.44,-3.37,0.36,28
819,DYMUSDT,ORDIUSDT,0.0,-5.38,-3.37,0.01,28
667,CLOUSDT,DOTUSDT,0.03,-3.49,-3.37,0.05,28
557,BIRBUSDT,SHIB1000USDT,0.03,-3.49,-3.37,26.48,28
551,BIRBUSDT,CAKEUSDT,0.03,-3.52,-3.37,0.11,28
550,BIRBUSDT,BNBUSDT,0.02,-3.68,-3.37,0.0,28
591,BSVUSDT,OPUSDT,0.01,-4.1,-3.37,117.7,28
280,ALTUSDT,FOLKSUSDT,0.02,-3.61,-3.37,0.01,28
278,ALTUSDT,ETHUSDT-26JUN26,0.03,-3.57,-3.37,0.0,28
717,CYBERUSDT,CELOUSDT,0.03,-3.55,-3.37,7.08,28
517,BEAMUSDT,KGENUSDT,0.02,-3.64,-3.37,0.01,28
1318,PARTIUSDT,GRTUSDT,0.03,-3.56,-3.37,3.36,28
1481,ROBOUSDT,NOMUSDT,0.03,-3.51,-3.37,12.48,28
109,AAVEUSDT,CELOUSDT,0.04,-3.41,-3.37,1480.14,28
752,DOODUSDT,NIGHTUSDT,0.02,-3.63,-3.37,0.05,28
1032,IMXUSDT,NEARUSDT,0.03,-3.49,-3.37,0.12,28
1027,IMXUSDT,ARUSDT,0.01,-3.79,-3.37,0.1,28
734,DOGEUSDT,DYMUSDT,0.03,-3.48,-3.37,2.54,28
107,AAVEUSDT,ARBUSDT,0.0,-5.65,-3.37,1117.29,28
104,AAVEUSDT,ACTUSDT,0.0,-4.56,-3.37,8377.28,28
757,DOODUSDT,SOMIUSDT,0.03,-3.54,-3.37,0.02,28
778,DRIFTUSDT,POLUSDT,0.0,-4.52,-3.37,0.85,28
790,DYMUSDT,ALGOUSDT,0.0,-4.62,-3.37,0.42,28
494,BATUSDT,MANAUSDT,0.03,-3.56,-3.37,1.06,28
498,BATUSDT,SEIUSDT,0.04,-3.46,-3.37,1.51,28
502,BCHUSDT,KGENUSDT,0.01,-4.0,-3.37,2105.0,28
1498,ROSEUSDT,FLUXUSDT,0.01,-3.83,-3.37,0.2,28
294,ALTUSDT,SHIB1000USDT,0.0,-4.68,-3.37,1.32,28
487,BANANAS31USDT,BEATUSDT,0.0,-4.31,-3.37,0.02,28
1117,LINEAUSDT,1000LUNCUSDT,0.04,-3.43,-3.37,0.07,28
542,BIGTIMEUSDT,CELOUSDT,0.03,-3.59,-3.37,0.18,28
707,COOKIEUSDT,SNXUSDT,0.04,-3.42,-3.37,0.06,28
1349,PAXGUSDT,CLOUSDT,0.01,-3.77,-3.37,73739.31,28
668,CLOUSDT,DUSKUSDT,0.03,-3.58,-3.37,0.8,28
649,CELOUSDT,SOMIUSDT,0.02,-3.74,-3.37,0.4,28
1147,MAGICUSDT,LUMIAUSDT,0.05,-3.37,-3.37,0.99,28
1237,MYXUSDT,AVAXUSDT,0.04,-3.39,-3.37,0.03,27
450,AUSDT,CCUSDT,0.01,-4.04,-3.37,0.51,27
823,EGLDUSDT,ACEUSDT,0.0,-4.15,-3.37,28.56,27
838,EGLDUSDT,LUMIAUSDT,0.0,-4.19,-3.37,67.12,27
464,AVAXUSDT,BIRBUSDT,0.04,-3.45,-3.37,63.37,27
839,EGLDUSDT,MAGICUSDT,0.0,-4.25,-3.37,67.76,27
36,1000FLOKIUSDT,BTCUSDT-25DEC26,0.04,-3.44,-3.37,0.0,27
40,1000FLOKIUSDT,LINEAUSDT,0.04,-3.43,-3.37,8.89,27
448,AUSDT,BCHUSDT,0.01,-3.88,-3.37,0.0,27
852,EIGENUSDT,ORDIUSDT,0.03,-3.47,-3.37,0.08,27
451,AUSDT,DUSKUSDT,0.02,-3.68,-3.37,0.89,27
957,FUSDT,1000LUNCUSDT,0.01,-3.83,-3.37,0.13,27
415,ASTERUSDT,LTCUSDT,0.01,-3.9,-3.37,0.01,27
890,ETHUSDT-26JUN26,LINKUSDT,0.01,-3.88,-3.37,228.49,27
1417,PUMPFUNUSDT,SKYUSDT,0.02,-3.7,-3.37,0.03,27
422,ATOMUSDT,MNTUSDT,0.02,-3.66,-3.37,2.65,27
433,AUCTIONUSDT,DUSKUSDT,0.04,-3.45,-3.37,54.11,27
1408,PNUTUSDT,PYTHUSDT,0.02,-3.72,-3.37,0.95,27
900,FFUSDT,ANKRUSDT,0.04,-3.46,-3.37,17.19,27
738,DOGEUSDT,GIGGLEUSDT,0.0,-4.48,-3.37,0.0,27
1290,NOTUSDT,SKYUSDT,0.01,-3.87,-3.37,0.01,27
696,CLOUSDT,MNTUSDT,0.01,-3.77,-3.37,0.1,27
726,DASHUSDT,DRIFTUSDT,0.02,-3.67,-3.37,396.59,27
331,APEXUSDT,IPUSDT,0.03,-3.55,-3.37,0.35,27
956,FORMUSDT,MEMEUSDT,0.0,-4.46,-3.37,490.41,27
58,1000NEIROCTOUSDT,ARKMUSDT,0.01,-4.01,-3.37,0.64,27
440,AUCTIONUSDT,LINEAUSDT,0.04,-3.44,-3.37,1481.02,27
1262,MYXUSDT,LAUSDT,0.05,-3.37,-3.37,1.44,27
802,DYMUSDT,HBARUSDT,0.0,-5.66,-3.37,0.37,27
459,AUSDT,MOODENGUSDT,0.03,-3.47,-3.37,1.59,27
339,APEXUSDT,ORDIUSDT,0.01,-3.88,-3.37,0.12,27
221,ADAUSDT,MAVIAUSDT,0.04,-3.4,-3.37,7.82,27
51,1000LUNCUSDT,GALAUSDT,0.01,-3.85,-3.37,12.37,27
1161,MASKUSDT,JASMYUSDT,0.0,-4.25,-3.37,78.31,27
357,APTUSDT,NOMUSDT,0.03,-3.49,-3.37,278.97,27
1182,MEMEUSDT,PNUTUSDT,0.04,-3.45,-3.37,0.01,27
1061,IOTAUSDT,LTCUSDT,0.02,-3.64,-3.37,0.0,27
88,1000TURBOUSDT,DRIFTUSDT,0.0,-4.95,-3.37,11.3,27
312,APEUSDT,MIRAUSDT,0.04,-3.39,-3.37,1.14,27
347,APTUSDT,CRVUSDT,0.0,-5.22,-3.37,3.95,27
974,GMTUSDT,IOTAUSDT,0.01,-3.83,-3.37,0.17,27
372,ARCUSDT,RENDERUSDT,0.04,-3.46,-3.37,0.03,27
363,ARBUSDT,GALAUSDT,0.0,-4.25,-3.37,29.12,27
371,ARCUSDT,PORTALUSDT,0.0,-4.38,-3.37,3.26,27
59,1000NEIROCTOUSDT,DASHUSDT,0.0,-4.12,-3.37,0.0,27
949,FOGOUSDT,MLNUSDT,0.01,-3.98,-3.37,0.01,27
361,ARBUSDT,ACTUSDT,0.04,-3.4,-3.37,7.5,27
35,1000FLOKIUSDT,BTCUSDT-24APR26,0.04,-3.45,-3.37,0.0,27
222,ADAUSDT,MNTUSDT,0.01,-4.04,-3.37,0.39,27
964,GALAUSDT,AEROUSDT,0.04,-3.4,-3.37,0.01,27
1141,LTCUSDT,ARUSDT,0.02,-3.63,-3.37,33.32,27
418,ASTERUSDT,SOMIUSDT,0.04,-3.38,-3.37,3.67,27
595,BTCUSDT,ETHUSDT-27MAR26,0.03,-3.57,-3.37,34.18,27
628,BTCUSDT-25SEP26,LINKUSDT,0.0,-4.14,-3.37,7895.05,27
1526,SOONUSDT,CELOUSDT,0.02,-3.75,-3.37,2.13,27
6,1000000MOGUSDT,ADAUSDT,0.01,-3.95,-3.37,0.6,27
13,1000000MOGUSDT,LUNA2USDT,0.02,-3.64,-3.37,2.51,27
5,1000000MOGUSDT,1INCHUSDT,0.0,-4.84,-3.37,1.68,27
625,BTCUSDT-25SEP26,ETHUSDT-26JUN26,0.03,-3.56,-3.37,34.55,27
622,BTCUSDT-25DEC26,LINKUSDT,0.0,-4.2,-3.37,7984.11,27
626,BTCUSDT-25SEP26,ETHUSDT-27MAR26,0.03,-3.58,-3.37,34.81,27
615,BTCUSDT-24APR26,LINKUSDT,0.01,-4.04,-3.37,7781.37,27
181,ACUUSDT,LINEAUSDT,0.01,-3.89,-3.37,31.77,27
190,ACUUSDT,MONUSDT,0.01,-3.98,-3.37,4.7,27
187,ACUUSDT,METUSDT,0.01,-3.95,-3.37,0.61,27
186,ACUUSDT,MAVIAUSDT,0.01,-3.99,-3.37,3.01,27
1151,MASKUSDT,BNBUSDT,0.03,-3.55,-3.37,0.0,27
1152,MASKUSDT,BTCUSDT,0.02,-3.65,-3.37,0.0,27
275,ALTUSDT,DYMUSDT,0.03,-3.52,-3.37,0.2,27
166,ACUUSDT,HMSTRUSDT,0.01,-3.82,-3.37,652.69,27
562,BLURUSDT,DYMUSDT,0.0,-4.23,-3.37,0.53,27
1334,PARTIUSDT,MAVIAUSDT,0.02,-3.68,-3.37,2.57,27
708,COWUSDT,RUNEUSDT,0.04,-3.47,-3.37,0.55,27
699,CLOUSDT,PIEVERSEUSDT,0.03,-3.55,-3.37,0.13,27
586,BROCCOLIUSDT,PTBUSDT,0.03,-3.55,-3.37,10.41,27
588,BSVUSDT,APEUSDT,0.02,-3.74,-3.37,146.42,27
1528,SOONUSDT,CYBERUSDT,0.01,-4.09,-3.37,0.3,27
250,ALGOUSDT,HMSTRUSDT,0.0,-4.95,-3.37,550.73,27
599,BTCUSDT-13MAR26,ETHUSDT,0.03,-3.56,-3.37,34.29,27
598,BTCUSDT-13MAR26,BTCUSDT-27MAR26,0.02,-3.72,-3.37,1.0,27
606,BTCUSDT-20MAR26,ETHUSDT,0.03,-3.55,-3.37,34.3,27
613,BTCUSDT-24APR26,ETHUSDT-26JUN26,0.03,-3.52,-3.37,34.05,27
148,ACUUSDT,BLESSUSDT,0.0,-4.24,-3.37,20.91,27
765,DRIFTUSDT,AEROUSDT,0.04,-3.41,-3.37,0.25,27
292,ALTUSDT,RENDERUSDT,0.02,-3.6,-3.37,0.01,27
1402,PIPPINUSDT,PLAYSOUTUSDT,0.02,-3.71,-3.37,16.52,27
1120,LINEAUSDT,AVAXUSDT,0.01,-3.89,-3.37,0.0,27
132,ACUUSDT,2ZUSDT,0.01,-4.05,-3.37,1.36,27
479,AXSUSDT,MOVEUSDT,0.02,-3.66,-3.37,54.18,27
503,BEAMUSDT,2ZUSDT,0.03,-3.53,-3.37,0.03,27
637,CELOUSDT,ARBUSDT,0.03,-3.47,-3.37,0.75,27
646,CELOUSDT,NOMUSDT,0.04,-3.4,-3.37,21.73,27
1330,PARTIUSDT,LUMIAUSDT,0.03,-3.53,-3.37,1.39,27
1048,INUSDT,CROUSDT,0.02,-3.65,-3.37,0.9,27
742,DOODUSDT,1000PEPEUSDT,0.02,-3.68,-3.37,0.88,27
327,APEXUSDT,FARTCOINUSDT,0.0,-5.01,-3.37,1.81,27
754,DOODUSDT,REDUSDT,0.04,-3.45,-3.37,0.02,27
988,GUNUSDT,PEOPLEUSDT,0.02,-3.62,-3.37,2.83,27
520,BEAMUSDT,MAGICUSDT,0.05,-3.37,-3.37,0.03,27
1155,MASKUSDT,BTCUSDT-24APR26,0.02,-3.63,-3.37,0.0,27
512,BEAMUSDT,FFUSDT,0.02,-3.74,-3.37,0.03,27
154,ACUUSDT,CROUSDT,0.01,-3.97,-3.37,1.34,27
102,2ZUSDT,HUMAUSDT,0.04,-3.47,-3.37,4.66,27
634,CAKEUSDT,LINEAUSDT,0.04,-3.42,-3.37,425.6,27
640,CELOUSDT,GMTUSDT,0.03,-3.57,-3.37,6.78,27
647,CELOUSDT,ORDIUSDT,0.02,-3.64,-3.37,0.03,27
1269,MYXUSDT,NOTUSDT,0.04,-3.38,-3.37,852.96,27
1504,SEIUSDT,NIGHTUSDT,0.01,-3.82,-3.37,1.14,26
260,ALICEUSDT,SAHARAUSDT,0.0,-5.74,-3.37,4.8,26
583,BRETTUSDT,PNUTUSDT,0.01,-3.87,-3.37,0.16,26
585,BREVUSDT,PIEVERSEUSDT,0.01,-3.92,-3.37,0.28,26
1515,SOLAYERUSDT,LDOUSDT,0.04,-3.39,-3.37,0.28,26
1537,SOONUSDT,PYTHUSDT,0.05,-3.38,-3.37,3.36,26
1503,SEIUSDT,JUPUSDT,0.0,-4.41,-3.37,0.38,26
392,ARUSDT,FLUXUSDT,0.03,-3.53,-3.37,28.06,26
1170,MAVIAUSDT,FLUXUSDT,0.02,-3.63,-3.37,0.58,26
937,FOGOUSDT,ASTRUSDT,0.03,-3.56,-3.37,3.1,26
308,APEUSDT,BATUSDT,0.01,-3.9,-3.37,0.98,26
929,FILUSDT,NIGHTUSDT,0.03,-3.55,-3.37,16.7,26
1440,ROBOUSDT,BNBUSDT,0.01,-3.8,-3.37,0.0,26
398,ASTERUSDT,ACEUSDT,0.03,-3.56,-3.37,4.8,26
358,APTUSDT,ORDIUSDT,0.0,-4.28,-3.37,0.4,26
130,ACUUSDT,1000000MOGUSDT,0.01,-3.95,-3.37,0.64,26
1236,MYXUSDT,ARCUSDT,0.01,-3.82,-3.37,8.14,26
859,ENSOUSDT,ORBSUSDT,0.03,-3.58,-3.37,116.41,26
836,EGLDUSDT,KGENUSDT,0.0,-4.17,-3.37,19.49,26
348,APTUSDT,CYBERUSDT,0.03,-3.55,-3.37,1.81,26
1231,MOODENGUSDT,SNXUSDT,0.01,-3.88,-3.37,0.15,26
444,AUCTIONUSDT,SLPUSDT,0.01,-3.85,-3.37,8793.65,26
453,AUSDT,HBARUSDT,0.01,-4.09,-3.37,0.8,26
1227,MOCAUSDT,SEIUSDT,0.03,-3.59,-3.37,0.22,26
1233,MOVEUSDT,POLUSDT,0.02,-3.59,-3.37,0.22,26
981,GOATUSDT,MONUSDT,0.04,-3.41,-3.37,0.86,26
1416,PORTALUSDT,SLPUSDT,0.02,-3.7,-3.37,22.07,26
973,GMTUSDT,CYBERUSDT,0.03,-3.54,-3.37,0.02,26
970,GIGGLEUSDT,INUSDT,0.04,-3.42,-3.37,414.62,26
1226,MOCAUSDT,ORBSUSDT,0.0,-4.48,-3.37,1.37,26
344,APTUSDT,1000000MOGUSDT,0.02,-3.64,-3.37,6.13,26
1436,ROBOUSDT,BANANAUSDT,0.02,-3.75,-3.37,0.01,26
215,ADAUSDT,CELOUSDT,0.04,-3.43,-3.37,3.48,26
399,ASTERUSDT,AUCTIONUSDT,0.01,-4.07,-3.37,0.15,26
365,ARCUSDT,AVAXUSDT,0.04,-3.46,-3.37,0.0,26
1502,SANDUSDT,APEXUSDT,0.01,-3.8,-3.37,0.29,26
962,FUSDT,SOMIUSDT,0.03,-3.47,-3.37,0.03,26
22,10000SATSUSDT,IOUSDT,0.02,-3.62,-3.37,0.0,26
1513,SOLAYERUSDT,APTUSDT,0.04,-3.45,-3.37,0.09,26
1091,KGENUSDT,1000000MOGUSDT,0.04,-3.4,-3.37,1.35,26
784,DUSKUSDT,RUNEUSDT,0.04,-3.46,-3.37,0.21,26
1097,KGENUSDT,COWUSDT,0.02,-3.67,-3.37,0.92,26
796,DYMUSDT,ENSUSDT,0.0,-5.32,-3.37,0.01,26
500,BCHUSDT,GOATUSDT,0.01,-3.99,-3.37,24302.95,26
1403,PIPPINUSDT,PYTHUSDT,0.0,-4.22,-3.37,7.72,26
501,BCHUSDT,ICPUSDT,0.02,-3.6,-3.37,181.83,26
147,ACUUSDT,BIRBUSDT,0.0,-4.35,-3.37,0.7,26
519,BEAMUSDT,LUMIAUSDT,0.03,-3.56,-3.37,0.03,26
545,BIGTIMEUSDT,MOVEUSDT,0.01,-3.79,-3.37,0.62,26
718,CYBERUSDT,DRIFTUSDT,0.02,-3.71,-3.37,6.42,26
714,CRVUSDT,POLUSDT,0.04,-3.41,-3.37,2.49,26
1287,NOMUSDT,SOMIUSDT,0.04,-3.44,-3.37,0.02,26
1035,INJUSDT,APEXUSDT,0.02,-3.67,-3.37,10.3,26
192,ACUUSDT,MYXUSDT,0.01,-4.02,-3.37,0.32,26
298,ANKRUSDT,DUSKUSDT,0.0,-4.12,-3.37,0.05,26
486,BABYUSDT,DEXEUSDT,0.02,-3.65,-3.37,0.0,26
303,ANKRUSDT,LAUSDT,0.01,-3.96,-3.37,0.02,26
301,ANKRUSDT,JSTUSDT,0.04,-3.47,-3.37,0.09,26
689,CLOUSDT,KGENUSDT,0.03,-3.53,-3.37,0.33,26
1326,PARTIUSDT,KGENUSDT,0.02,-3.61,-3.37,0.4,26
677,CLOUSDT,HMSTRUSDT,0.04,-3.46,-3.37,451.25,26
697,CLOUSDT,MONUSDT,0.0,-4.32,-3.37,3.25,26
706,COOKIEUSDT,BRETTUSDT,0.02,-3.71,-3.37,2.74,26
648,CELOUSDT,PNUTUSDT,0.03,-3.59,-3.37,1.66,26
639,CELOUSDT,ETCUSDT,0.01,-3.89,-3.37,0.01,26
173,ACUUSDT,IOTAUSDT,0.01,-3.96,-3.37,1.55,26
672,CLOUSDT,FOGOUSDT,0.04,-3.42,-3.37,3.0,26
556,BIRBUSDT,RUNEUSDT,0.04,-3.42,-3.37,0.34,26
1352,PAXGUSDT,DUSKUSDT,0.02,-3.69,-3.37,59175.52,26
1322,PARTIUSDT,ICPUSDT,0.02,-3.65,-3.37,0.03,26
656,CLOUSDT,ASTERUSDT,0.04,-3.45,-3.37,0.1,26
1485,ROBOUSDT,ORDIUSDT,0.02,-3.75,-3.37,0.02,26
589,BSVUSDT,DASHUSDT,0.0,-4.31,-3.37,0.43,26
282,ALTUSDT,JASMYUSDT,0.01,-3.83,-3.37,1.29,26
1530,SOONUSDT,ELSAUSDT,0.04,-3.42,-3.37,2.15,26
271,ALTUSDT,BTCUSDT-25SEP26,0.01,-3.84,-3.37,0.0,26
270,ALTUSDT,BTCUSDT-25DEC26,0.01,-3.81,-3.37,0.0,26
287,ALTUSDT,MAVIAUSDT,0.01,-3.83,-3.37,0.22,26
1346,PAXGUSDT,AUCTIONUSDT,0.02,-3.63,-3.37,1093.62,26
25,10000SATSUSDT,ROSEUSDT,0.0,-4.74,-3.37,0.01,25
4,1000000MOGUSDT,1000PEPEUSDT,0.04,-3.43,-3.37,46.63,25
52,1000LUNCUSDT,INJUSDT,0.01,-3.79,-3.37,0.01,25
356,APTUSDT,KASUSDT,0.02,-3.7,-3.37,32.1,25
1468,ROBOUSDT,HYPEUSDT,0.03,-3.59,-3.37,0.0,25
1462,ROBOUSDT,FLUXUSDT,0.02,-3.67,-3.37,0.75,25
592,BTCUSDT,ETHUSDT,0.03,-3.57,-3.37,34.26,25
631,BTCUSDT-27MAR26,ETHUSDT-27MAR26,0.03,-3.56,-3.37,34.24,25
629,BTCUSDT-25SEP26,MNTUSDT,0.04,-3.4,-3.37,103364.44,25
624,BTCUSDT-25SEP26,ETHUSDT-24APR26,0.03,-3.57,-3.37,34.74,25
623,BTCUSDT-25DEC26,MNTUSDT,0.04,-3.41,-3.37,104530.44,25
616,BTCUSDT-24APR26,MNTUSDT,0.04,-3.41,-3.37,101876.67,25
1341,PARTIUSDT,POPCATUSDT,0.02,-3.62,-3.37,1.71,25
939,FOGOUSDT,BLUAIUSDT,0.03,-3.57,-3.37,4.78,25
1455,ROBOUSDT,ETHFIUSDT,0.02,-3.69,-3.37,0.08,25
916,FFUSDT,LINEAUSDT,0.01,-3.96,-3.37,23.26,25
1185,MEUSDT,1000LUNCUSDT,0.02,-3.63,-3.37,2.67,25
164,ACUUSDT,GALAUSDT,0.01,-3.91,-3.37,29.43,25
1079,KASUSDT,GRTUSDT,0.03,-3.49,-3.37,1.18,25
1175,MAVIAUSDT,PENGUUSDT,0.0,-4.39,-3.37,4.85,25
61,1000NEIROCTOUSDT,GALAUSDT,0.0,-4.18,-3.37,19.38,25
1158,MASKUSDT,BTCUSDT-27MAR26,0.02,-3.63,-3.37,0.0,25
976,GMTUSDT,POLUSDT,0.02,-3.66,-3.37,0.11,25
353,APTUSDT,GALAUSDT,0.0,-4.8,-3.37,282.23,25
341,APEXUSDT,PYTHUSDT,0.03,-3.51,-3.37,6.0,25
972,GIGGLEUSDT,SOLUSDT,0.03,-3.57,-3.37,0.33,25
1191,MEUSDT,LUNA2USDT,0.02,-3.74,-3.37,1.8,25
397,ARUSDT,ONDOUSDT,0.0,-4.27,-3.37,6.36,25
396,ARUSDT,NOMUSDT,0.04,-3.44,-3.37,468.96,25
1189,MEUSDT,HBARUSDT,0.01,-3.77,-3.37,1.17,25
932,FLUXUSDT,PENDLEUSDT,0.01,-3.79,-3.37,0.05,25
413,ASTERUSDT,KSMUSDT,0.0,-4.25,-3.37,0.15,25
223,ADAUSDT,ONDOUSDT,0.02,-3.68,-3.37,1.03,25
655,CLOUSDT,ARUSDT,0.03,-3.49,-3.37,0.04,25
652,CHZUSDT,NOTUSDT,0.01,-3.89,-3.37,99.53,25
567,BLURUSDT,LUNA2USDT,0.02,-3.6,-3.37,0.31,25
189,ACUUSDT,MNTUSDT,0.01,-4.02,-3.37,0.15,25
1214,MNTUSDT,PENGUUSDT,0.01,-3.86,-3.37,98.33,25
877,ETHUSDT,ARUSDT,0.02,-3.6,-3.37,1237.34,25
895,ETHUSDT-27MAR26,LINKUSDT,0.01,-3.84,-3.37,226.82,25
893,ETHUSDT-27MAR26,ARUSDT,0.02,-3.62,-3.37,1240.36,25
883,ETHUSDT-24APR26,ARUSDT,0.02,-3.61,-3.37,1242.86,25
971,GIGGLEUSDT,LUNA2USDT,0.03,-3.52,-3.37,446.05,25
999,HOMEUSDT,LITUSDT,0.03,-3.58,-3.37,0.02,25
990,GUNUSDT,RIVERUSDT,0.0,-4.33,-3.37,0.0,25
1016,HYPERUSDT,MNTUSDT,0.01,-4.06,-3.37,0.13,25
115,AAVEUSDT,ROSEUSDT,0.04,-3.47,-3.37,9461.83,25
113,AAVEUSDT,ORDIUSDT,0.0,-5.53,-3.37,45.95,25
432,AUCTIONUSDT,DOTUSDT,0.0,-4.31,-3.37,3.15,25
426,AUCTIONUSDT,ALTUSDT,0.0,-4.28,-3.37,651.72,25
423,AUCTIONUSDT,1000000MOGUSDT,0.0,-4.79,-3.37,29.83,25
842,EGLDUSDT,MORPHOUSDT,0.0,-4.64,-3.37,2.19,25
1331,PARTIUSDT,LUNA2USDT,0.02,-3.63,-3.37,1.37,25
1329,PARTIUSDT,LTCUSDT,0.03,-3.55,-3.37,0.0,25
1323,PARTIUSDT,INUSDT,0.02,-3.6,-3.37,1.27,25
690,CLOUSDT,LABUSDT,0.0,-4.2,-3.37,0.43,25
683,CLOUSDT,IOTAUSDT,0.04,-3.4,-3.37,1.07,25
682,CLOUSDT,INUSDT,0.01,-3.83,-3.37,1.03,25
681,CLOUSDT,INITUSDT,0.04,-3.47,-3.37,0.84,25
538,BERAUSDT,NEARUSDT,0.0,-5.17,-3.37,0.43,25
1501,SAHARAUSDT,MAGMAUSDT,0.05,-3.37,-3.37,0.24,25
449,AUSDT,BIOUSDT,0.04,-3.45,-3.37,3.71,25
445,AUCTIONUSDT,SOLUSDT,0.0,-4.39,-3.37,0.05,25
441,AUCTIONUSDT,LUMIAUSDT,0.04,-3.38,-3.37,75.99,25
127,ACTUSDT,METUSDT,0.02,-3.64,-3.37,0.08,25
1248,MYXUSDT,BTCUSDT-27MAR26,0.04,-3.39,-3.37,0.0,25
1245,MYXUSDT,BTCUSDT-24APR26,0.04,-3.39,-3.37,0.0,25
530,BERAUSDT,BROCCOLIUSDT,0.01,-3.78,-3.37,41.75,25
701,CLOUSDT,POPCATUSDT,0.04,-3.39,-3.37,1.39,25
698,CLOUSDT,NEWTUSDT,0.03,-3.52,-3.37,1.04,25
1244,MYXUSDT,BTCUSDT-20MAR26,0.04,-3.39,-3.37,0.0,25
1243,MYXUSDT,BTCUSDT-13MAR26,0.04,-3.39,-3.37,0.0,25
1242,MYXUSDT,BTCUSDT,0.04,-3.39,-3.37,0.0,25
1235,MYXUSDT,ALTUSDT,0.04,-3.38,-3.37,43.7,25
855,ENAUSDT,FARTCOINUSDT,0.01,-3.91,-3.37,0.68,25
1010,HYPERUSDT,IOTAUSDT,0.0,-4.23,-3.37,1.37,25
1003,HYPERUSDT,DUSKUSDT,0.03,-3.55,-3.37,1.02,25
1002,HYPERUSDT,DOTUSDT,0.03,-3.54,-3.37,0.06,25
108,AAVEUSDT,ARUSDT,0.0,-5.2,-3.37,68.57,25
1020,ICNTUSDT,IOUSDT,0.01,-4.05,-3.37,3.14,25
469,AXLUSDT,CLOUSDT,0.04,-3.4,-3.37,0.77,25
800,DYMUSDT,GOATUSDT,0.02,-3.69,-3.37,1.96,25
516,BEAMUSDT,JSTUSDT,0.01,-3.81,-3.37,0.04,25
544,BIGTIMEUSDT,MIRAUSDT,0.0,-4.77,-3.37,0.16,25
1140,LINKUSDT,ARUSDT,0.01,-3.86,-3.37,5.47,25
1139,LINEAUSDT,SHIB1000USDT,0.02,-3.74,-3.37,0.58,25
95,1INCHUSDT,ETCUSDT,0.02,-3.74,-3.37,0.01,25
90,1INCHUSDT,ARUSDT,0.0,-4.72,-3.37,0.06,25
82,1000RATSUSDT,BRETTUSDT,0.01,-3.79,-3.37,6.39,25
1073,KAITOUSDT,BANANAUSDT,0.02,-3.67,-3.37,0.08,25
137,ACUUSDT,ARBUSDT,0.01,-3.89,-3.37,1.01,25
135,ACUUSDT,ANKRUSDT,0.0,-4.28,-3.37,23.48,25
817,DYMUSDT,MOODENGUSDT,0.0,-5.04,-3.37,0.74,25
807,DYMUSDT,INUSDT,0.01,-3.88,-3.37,0.53,25
336,APEXUSDT,METUSDT,0.01,-3.8,-3.37,1.72,25
332,APEXUSDT,JTOUSDT,0.03,-3.52,-3.37,1.08,25
481,AZTECUSDT,GIGGLEUSDT,0.0,-4.99,-3.37,0.0,25
477,AXSUSDT,MERLUSDT,0.01,-3.98,-3.37,30.32,25
475,AXSUSDT,DOODUSDT,0.01,-3.84,-3.37,389.46,25
1279,MYXUSDT,SOLUSDT,0.05,-3.37,-3.37,0.0,25
1300,PARTIUSDT,2ZUSDT,0.03,-3.5,-3.37,1.16,25
1299,ORDIUSDT,PYTHUSDT,0.02,-3.63,-3.37,50.84,25
1295,ORDIUSDT,AEROUSDT,0.04,-3.46,-3.37,7.19,25
1289,NOTUSDT,PEOPLEUSDT,0.03,-3.55,-3.37,0.05,25
1283,NOMUSDT,APEXUSDT,0.03,-3.47,-3.37,0.01,25
745,DOODUSDT,GALAUSDT,0.04,-3.39,-3.37,0.87,25
1305,PARTIUSDT,BCHUSDT,0.02,-3.59,-3.37,0.0,25
522,BEAMUSDT,PARTIUSDT,0.0,-4.33,-3.37,0.02,25
497,BATUSDT,POLUSDT,0.01,-3.9,-3.37,1.01,25
495,BATUSDT,MIRAUSDT,0.01,-3.79,-3.37,1.16,25
1401,PIPPINUSDT,PIXELUSDT,0.01,-3.81,-3.37,66.22,25
1394,PIPPINUSDT,JCTUSDT,0.02,-3.65,-3.37,220.57,25
1271,MYXUSDT,ORCAUSDT,0.04,-3.38,-3.37,0.35,25
1267,MYXUSDT,MORPHOUSDT,0.03,-3.57,-3.37,0.17,25
152,ACUUSDT,CCUSDT,0.01,-3.97,-3.37,0.66,25
207,ADAUSDT,ALGOUSDT,0.01,-3.84,-3.37,3.08,25
203,ACUUSDT,SHIB1000USDT,0.01,-3.91,-3.37,18.46,25
198,ACUUSDT,PENGUUSDT,0.01,-3.9,-3.37,14.61,25
727,DASHUSDT,GMTUSDT,0.03,-3.54,-3.37,2969.97,25
721,CYBERUSDT,LTCUSDT,0.01,-3.87,-3.37,0.01,25
774,DRIFTUSDT,MEWUSDT,0.03,-3.54,-3.37,139.25,25
1154,MASKUSDT,BTCUSDT-20MAR26,0.02,-3.64,-3.37,0.0,25
1508,SKRUSDT,ASTRUSDT,0.04,-3.41,-3.37,3.14,25
1522,SOONUSDT,ARKMUSDT,0.05,-3.38,-3.37,1.53,25
1529,SOONUSDT,DRIFTUSDT,0.04,-3.42,-3.37,1.93,25
70,1000PEPEUSDT,ARKMUSDT,0.0,-4.28,-3.37,0.03,25
67,1000PEPEUSDT,APEUSDT,0.04,-3.38,-3.37,0.03,25
1518,SOONUSDT,1000000MOGUSDT,0.0,-4.41,-3.37,1.02,25
612,BTCUSDT-24APR26,ETHUSDT-24APR26,0.03,-3.53,-3.37,34.24,25
611,BTCUSDT-20MAR26,MNTUSDT,0.04,-3.4,-3.37,101622.14,25
609,BTCUSDT-20MAR26,ETHUSDT-27MAR26,0.03,-3.56,-3.37,34.22,25
607,BTCUSDT-20MAR26,ETHUSDT-24APR26,0.03,-3.55,-3.37,34.15,25
602,BTCUSDT-13MAR26,ETHUSDT-27MAR26,0.03,-3.57,-3.37,34.2,25
600,BTCUSDT-13MAR26,ETHUSDT-24APR26,0.03,-3.57,-3.37,34.13,25
177,ACUUSDT,KASUSDT,0.01,-3.95,-3.37,3.35,25
251,ALGOUSDT,MAVIAUSDT,0.01,-3.83,-3.37,2.54,25
1532,SOONUSDT,IOTAUSDT,0.04,-3.44,-3.37,2.47,25
269,ALTUSDT,BTCUSDT-24APR26,0.01,-3.84,-3.37,0.0,24
571,BLURUSDT,SOMIUSDT,0.04,-3.4,-3.37,0.1,24
74,1000PEPEUSDT,GALAUSDT,0.01,-3.94,-3.37,0.99,24
1118,LINEAUSDT,1INCHUSDT,0.03,-3.55,-3.37,0.03,24
753,DOODUSDT,ORBSUSDT,0.03,-3.59,-3.37,0.28,24
1026,IMXUSDT,ACEUSDT,0.05,-3.37,-3.37,1.07,24
228,ADAUSDT,SOONUSDT,0.01,-3.81,-3.37,1.64,24
265,ALTUSDT,BNBUSDT,0.01,-3.95,-3.37,0.0,24
1506,SIRENUSDT,BLESSUSDT,0.03,-3.52,-3.37,90.19,24
284,ALTUSDT,LINKUSDT,0.03,-3.51,-3.37,0.0,24
229,AEROUSDT,AIXBTUSDT,0.01,-3.8,-3.37,12.82,24
193,ACUUSDT,NIGHTUSDT,0.01,-3.97,-3.37,1.74,24
1399,PIPPINUSDT,ONDOUSDT,0.01,-4.11,-3.37,1.44,24
1270,MYXUSDT,ONDOUSDT,0.04,-3.38,-3.37,1.23,24
1284,NOMUSDT,IPUSDT,0.02,-3.68,-3.37,0.0,24
527,BERAUSDT,ASTERUSDT,0.02,-3.71,-3.37,0.78,24
518,BEAMUSDT,LAUSDT,0.02,-3.74,-3.37,0.01,24
496,BATUSDT,MOVEUSDT,0.01,-4.03,-3.37,4.64,24
1384,PIPPINUSDT,BATUSDT,0.0,-4.19,-3.37,3.71,24
1380,PIPPINUSDT,ATHUSDT,0.0,-4.23,-3.37,59.64,24
200,ACUUSDT,ROBOUSDT,0.0,-4.17,-3.37,2.31,24
741,DOODUSDT,0GUSDT,0.01,-3.97,-3.37,0.01,24
316,APEXUSDT,ARBUSDT,0.01,-3.8,-3.37,2.87,24
755,DOODUSDT,SEIUSDT,0.0,-4.86,-3.37,0.05,24
149,ACUUSDT,BLURUSDT,0.01,-3.88,-3.37,5.23,24
476,AXSUSDT,IPUSDT,0.03,-3.5,-3.37,1.41,24
804,DYMUSDT,ICPUSDT,0.01,-3.96,-3.37,0.01,24
1364,PHAUSDT,1000PEPEUSDT,0.04,-3.43,-3.37,11.45,24
531,BERAUSDT,GOATUSDT,0.02,-3.73,-3.37,29.36,24
534,BERAUSDT,KAITOUSDT,0.03,-3.57,-3.37,1.51,24
1062,IOTAUSDT,POLUSDT,0.0,-4.12,-3.37,0.66,24
1360,PAXGUSDT,MEUSDT,0.02,-3.72,-3.37,45401.73,24
705,CLOUSDT,SOMIUSDT,0.04,-3.45,-3.37,0.37,24
1074,KAITOUSDT,JSTUSDT,0.03,-3.49,-3.37,7.35,24
236,AIXBTUSDT,FARTCOINUSDT,0.0,-4.17,-3.37,0.17,24
322,APEXUSDT,CYBERUSDT,0.02,-3.61,-3.37,0.54,24
1473,ROBOUSDT,KAITOUSDT,0.03,-3.54,-3.37,0.12,24
1472,ROBOUSDT,JTOUSDT,0.02,-3.73,-3.37,0.16,24
795,DYMUSDT,ELSAUSDT,0.01,-4.03,-3.37,0.48,24
105,AAVEUSDT,APEXUSDT,0.04,-3.43,-3.37,389.54,24
1362,PAXGUSDT,MOODENGUSDT,0.01,-3.8,-3.37,105487.22,24
535,BERAUSDT,KGENUSDT,0.04,-3.4,-3.37,2.54,24
478,AXSUSDT,MIRAUSDT,0.03,-3.53,-3.37,13.55,24
1475,ROBOUSDT,LINKUSDT,0.02,-3.72,-3.37,0.0,24
875,ETHFIUSDT,PEOPLEUSDT,0.01,-4.01,-3.37,76.03,24
1413,PORTALUSDT,10000SATSUSDT,0.04,-3.41,-3.37,105.85,24
985,GRTUSDT,SOMIUSDT,0.04,-3.46,-3.37,0.13,24
984,GRTUSDT,POLUSDT,0.0,-4.6,-3.37,0.26,24
860,ENSOUSDT,REDUSDT,0.02,-3.62,-3.37,9.42,24
435,AUCTIONUSDT,FOGOUSDT,0.01,-3.8,-3.37,202.29,24
1411,POLUSDT,SOLAYERUSDT,0.04,-3.39,-3.37,1.18,24
1216,MOCAUSDT,0GUSDT,0.01,-4.0,-3.37,0.02,24
1133,LINEAUSDT,MASKUSDT,0.03,-3.48,-3.37,0.01,24
297,ANKRUSDT,COWUSDT,0.01,-3.77,-3.37,0.02,24
290,ALTUSDT,NOTUSDT,0.02,-3.76,-3.37,19.52,24
835,EGLDUSDT,HYPERUSDT,0.02,-3.65,-3.37,46.79,24
124,ACTUSDT,DASHUSDT,0.01,-3.95,-3.37,0.0,24
118,ACEUSDT,MAVIAUSDT,0.01,-3.84,-3.37,4.34,24
19,1000000MOGUSDT,PNUTUSDT,0.04,-3.42,-3.37,3.47,24
1451,ROBOUSDT,CYBERUSDT,0.03,-3.55,-3.37,0.08,24
1452,ROBOUSDT,DUSKUSDT,0.03,-3.51,-3.37,0.5,24
1469,ROBOUSDT,ICNTUSDT,0.01,-3.85,-3.37,0.13,24
354,APTUSDT,HMSTRUSDT,0.02,-3.68,-3.37,6256.42,24
1177,MAVIAUSDT,SHIB1000USDT,0.04,-3.38,-3.37,6.13,24
62,1000NEIROCTOUSDT,MEMEUSDT,0.0,-4.23,-3.37,112.19,24
979,GOATUSDT,KGENUSDT,0.0,-4.21,-3.37,0.09,24
169,ACUUSDT,ICPUSDT,0.01,-3.96,-3.37,0.04,24
414,ASTERUSDT,LINEAUSDT,0.01,-3.92,-3.37,219.97,24
1095,KGENUSDT,COMPUSDT,0.02,-3.71,-3.37,0.01,24
1093,KGENUSDT,ATOMUSDT,0.04,-3.38,-3.37,0.12,24
1083,KASUSDT,LINKUSDT,0.0,-4.21,-3.37,0.0,24
1085,KASUSDT,LUNA2USDT,0.02,-3.61,-3.37,0.48,24
1106,KGENUSDT,RUNEUSDT,0.01,-3.99,-3.37,0.5,24
1105,KGENUSDT,PNUTUSDT,0.02,-3.67,-3.37,4.68,24
943,FOGOUSDT,HYPERUSDT,0.0,-4.33,-3.37,0.26,24
50,1000LUNCUSDT,FLUXUSDT,0.04,-3.47,-3.37,0.73,24
948,FOGOUSDT,KGENUSDT,0.02,-3.67,-3.37,0.11,24
947,FOGOUSDT,KAITOUSDT,0.01,-3.84,-3.37,0.06,24
30,1000FLOKIUSDT,ASTERUSDT,0.03,-3.58,-3.37,0.04,24
266,ALTUSDT,BTCUSDT,0.01,-3.86,-3.37,0.0,24
954,FOGOUSDT,SOONUSDT,0.01,-3.77,-3.37,0.14,24
364,ARCUSDT,ALTUSDT,0.04,-3.4,-3.37,5.34,24
384,ARKMUSDT,PNUTUSDT,0.04,-3.42,-3.37,2.3,24
386,ARUSDT,ASTERUSDT,0.04,-3.38,-3.37,2.33,24
576,BRETTUSDT,DYMUSDT,0.0,-5.43,-3.37,0.2,24
382,ARKMUSDT,OPUSDT,0.0,-5.34,-3.37,0.86,24
933,FOGOUSDT,10000SATSUSDT,0.02,-3.64,-3.37,208.37,24
380,ARKMUSDT,FUSDT,0.02,-3.64,-3.37,19.38,24
960,FUSDT,HYPERUSDT,0.04,-3.38,-3.37,0.06,24
963,GALAUSDT,ACTUSDT,0.04,-3.4,-3.37,0.26,24
896,ETHUSDT-27MAR26,MASKUSDT,0.02,-3.6,-3.37,4589.12,24
994,HBARUSDT,SNXUSDT,0.03,-3.49,-3.37,0.31,24
653,CLOUSDT,1000LUNCUSDT,0.04,-3.38,-3.37,1.65,24
898,FARTCOINUSDT,MOVEUSDT,0.05,-3.37,-3.37,7.38,24
881,ETHUSDT,MASKUSDT,0.02,-3.64,-3.37,4577.99,24
1500,ROSEUSDT,PENDLEUSDT,0.03,-3.58,-3.37,0.01,24
1350,PAXGUSDT,CROUSDT,0.01,-3.8,-3.37,68227.93,24
1353,PAXGUSDT,DYMUSDT,0.01,-3.81,-3.37,142389.18,24
915,FFUSDT,KGENUSDT,0.04,-3.44,-3.37,0.35,24
156,ACUUSDT,DOTUSDT,0.01,-3.93,-3.37,0.07,23
693,CLOUSDT,LUNA2USDT,0.05,-3.37,-3.37,1.11,23
528,BERAUSDT,BEAMUSDT,0.01,-4.0,-3.37,281.14,23
732,DOGEUSDT,BNBUSDT,0.0,-4.14,-3.37,0.0,23
731,DEEPUSDT,CYSUSDT,0.0,-4.17,-3.37,0.07,23
1268,MYXUSDT,NEARUSDT,0.01,-3.8,-3.37,0.25,23
1391,PIPPINUSDT,HANAUSDT,0.01,-4.06,-3.37,10.07,23
1286,NOMUSDT,MIRAUSDT,0.02,-3.66,-3.37,0.04,23
694,CLOUSDT,MAGICUSDT,0.04,-3.38,-3.37,1.14,23
1281,NEARUSDT,ROBOUSDT,0.02,-3.64,-3.37,29.27,23
1489,ROBOUSDT,SHIB1000USDT,0.01,-3.81,-3.37,7.91,23
1511,SKRUSDT,EDENUSDT,0.04,-3.43,-3.37,0.65,23
1157,MASKUSDT,BTCUSDT-25SEP26,0.02,-3.64,-3.37,0.0,23
231,AEROUSDT,ENSOUSDT,0.01,-4.02,-3.37,0.27,23
318,APEXUSDT,AXSUSDT,0.03,-3.54,-3.37,0.25,23
1507,SKRUSDT,ALLOUSDT,0.03,-3.58,-3.37,0.2,23
78,1000PEPEUSDT,ORDIUSDT,0.01,-3.79,-3.37,0.0,23
1533,SOONUSDT,MANAUSDT,0.04,-3.46,-3.37,1.71,23
77,1000PEPEUSDT,OPUSDT,0.04,-3.4,-3.37,0.03,23
597,BTCUSDT,MNTUSDT,0.04,-3.39,-3.37,101498.15,23
257,ALICEUSDT,INJUSDT,0.03,-3.56,-3.37,0.04,23
263,ALTUSDT,AVAXUSDT,0.0,-4.96,-3.37,0.0,23
604,BTCUSDT-13MAR26,MNTUSDT,0.04,-3.4,-3.37,101571.09,23
1058,INUSDT,SOLUSDT,0.03,-3.5,-3.37,0.0,23
1367,PHAUSDT,FHEUSDT,0.04,-3.43,-3.37,1.51,23
695,CLOUSDT,MEUSDT,0.05,-3.37,-3.37,0.62,23
1008,HYPERUSDT,INITUSDT,0.02,-3.71,-3.37,1.07,23
1335,PARTIUSDT,MIRAUSDT,0.02,-3.63,-3.37,1.0,23
1241,MYXUSDT,BROCCOLIUSDT,0.04,-3.42,-3.37,24.3,23
1355,PAXGUSDT,GIGGLEUSDT,0.02,-3.72,-3.37,183.04,23
456,AUSDT,INITUSDT,0.02,-3.65,-3.37,0.93,23
1258,MYXUSDT,HYPEUSDT,0.03,-3.56,-3.37,0.01,23
1260,MYXUSDT,INUSDT,0.04,-3.42,-3.37,4.66,23
1263,MYXUSDT,LINKUSDT,0.04,-3.39,-3.37,0.04,23
1264,MYXUSDT,LUMIAUSDT,0.05,-3.37,-3.37,5.1,23
1040,INUSDT,BCHUSDT,0.04,-3.4,-3.37,0.0,23
1050,INUSDT,ETHUSDT-24APR26,0.0,-4.19,-3.37,0.0,23
96,1INCHUSDT,KASUSDT,0.0,-4.36,-3.37,3.12,23
103,AAVEUSDT,1INCHUSDT,0.02,-3.71,-3.37,1185.59,23
508,BEAMUSDT,BROCCOLIUSDT,0.0,-4.47,-3.37,0.15,23
841,EGLDUSDT,MNTUSDT,0.0,-4.56,-3.37,6.12,23
462,AUSDT,PIEVERSEUSDT,0.0,-4.59,-3.37,0.15,23
457,AUSDT,INUSDT,0.02,-3.77,-3.37,1.14,23
783,DUSKUSDT,POPCATUSDT,0.04,-3.44,-3.37,1.73,23
840,EGLDUSDT,MEUSDT,0.01,-3.93,-3.37,36.67,23
136,ACUUSDT,APTUSDT,0.01,-3.92,-3.37,0.1,23
812,DYMUSDT,KSMUSDT,0.0,-4.11,-3.37,0.01,23
1072,KAITOUSDT,AKEUSDT,0.03,-3.57,-3.37,1446.79,23
1051,INUSDT,ETHUSDT-26JUN26,0.02,-3.65,-3.37,0.0,23
80,1000RATSUSDT,1000BONKUSDT,0.04,-3.47,-3.37,7.81,23
81,1000RATSUSDT,ALGOUSDT,0.04,-3.39,-3.37,0.54,23
89,1INCHUSDT,ADAUSDT,0.0,-4.16,-3.37,0.36,23
93,1INCHUSDT,DYMUSDT,0.0,-4.28,-3.37,2.6,23
515,BEAMUSDT,INITUSDT,0.03,-3.57,-3.37,0.02,23
138,ACUUSDT,ASTERUSDT,0.01,-3.96,-3.37,0.14,23
1296,ORDIUSDT,CRVUSDT,0.04,-3.38,-3.37,9.91,23
1276,MYXUSDT,PTBUSDT,0.05,-3.37,-3.37,252.88,23
488,BANANAUSDT,MUSDT,0.03,-3.5,-3.37,3.07,23
794,DYMUSDT,CROUSDT,0.02,-3.61,-3.37,0.48,23
474,AXSUSDT,BATUSDT,0.0,-4.17,-3.37,11.68,23
483,AZTECUSDT,LUMIAUSDT,0.01,-3.81,-3.37,0.35,23
789,DYMUSDT,ACTUSDT,0.01,-4.04,-3.37,2.71,23
1031,IMXUSDT,MNTUSDT,0.0,-4.29,-3.37,0.23,23
330,APEXUSDT,GMXUSDT,0.04,-3.39,-3.37,0.04,23
792,DYMUSDT,AXLUSDT,0.04,-3.46,-3.37,0.68,23
821,DYMUSDT,SOLUSDT,0.0,-5.34,-3.37,0.0,23
818,DYMUSDT,NOMUSDT,0.01,-4.07,-3.37,10.42,23
791,DYMUSDT,ARBUSDT,0.0,-4.83,-3.37,0.36,23
76,1000PEPEUSDT,MEMEUSDT,0.0,-4.35,-3.37,5.71,23
1304,PARTIUSDT,AZTECUSDT,0.02,-3.63,-3.37,4.01,23
719,CYBERUSDT,DYMUSDT,0.01,-3.83,-3.37,14.77,23
1142,LTCUSDT,CELOUSDT,0.04,-3.46,-3.37,719.14,23
744,DOODUSDT,ESPUSDT,0.01,-4.08,-3.37,0.03,23
743,DOODUSDT,AEROUSDT,0.01,-3.98,-3.37,0.01,23
759,DOTUSDT,EGLDUSDT,0.05,-3.37,-3.37,0.36,23
145,ACUUSDT,BEAMUSDT,0.0,-4.23,-3.37,52.34,23
761,DOTUSDT,FUSDT,0.05,-3.38,-3.37,276.84,23
155,ACUUSDT,DOGEUSDT,0.01,-3.94,-3.37,1.1,23
1247,MYXUSDT,BTCUSDT-25SEP26,0.04,-3.39,-3.37,0.0,23
1324,PARTIUSDT,IOTAUSDT,0.04,-3.43,-3.37,1.32,23
539,BERAUSDT,RENDERUSDT,0.02,-3.73,-3.37,0.39,23
446,AUSDT,ARUSDT,0.02,-3.62,-3.37,0.05,23
296,ANKRUSDT,BLESSUSDT,0.0,-4.21,-3.37,0.89,23
443,AUCTIONUSDT,NOTUSDT,0.04,-3.39,-3.37,12718.98,23
827,EGLDUSDT,AZTECUSDT,0.0,-4.66,-3.37,193.78,23
826,EGLDUSDT,AXLUSDT,0.01,-3.87,-3.37,77.78,23
1249,MYXUSDT,CROUSDT,0.04,-3.4,-3.37,4.18,23
404,ASTERUSDT,DYMUSDT,0.0,-4.45,-3.37,19.34,23
1435,ROBOUSDT,AVAXUSDT,0.01,-3.89,-3.37,0.0,23
1499,ROSEUSDT,INJUSDT,0.05,-3.37,-3.37,0.0,23
673,CLOUSDT,FUSDT,0.04,-3.38,-3.37,12.93,23
561,BLURUSDT,DOTUSDT,0.03,-3.51,-3.37,0.01,23
670,CLOUSDT,EDENUSDT,0.04,-3.42,-3.37,1.93,23
663,CLOUSDT,CCUSDT,0.04,-3.46,-3.37,0.46,23
552,BIRBUSDT,ETHFIUSDT,0.04,-3.42,-3.37,0.27,23
437,AUCTIONUSDT,GIGGLEUSDT,0.0,-4.24,-3.37,0.17,23
1213,MNTUSDT,PENDLEUSDT,0.01,-4.02,-3.37,0.55,23
184,ACUUSDT,LUNA2USDT,0.01,-3.93,-3.37,1.6,23
659,CLOUSDT,BEAMUSDT,0.05,-3.37,-3.37,36.19,23
869,ETCUSDT,ARBUSDT,0.0,-4.13,-3.37,83.66,23
865,ESPUSDT,METUSDT,0.04,-3.44,-3.37,0.68,23
872,ETCUSDT,ORDIUSDT,0.01,-4.01,-3.37,3.44,23
46,1000LUNCUSDT,ARKMUSDT,0.02,-3.63,-3.37,0.41,23
987,GUNUSDT,MAVIAUSDT,0.01,-3.98,-3.37,0.6,23
986,GUNUSDT,HYPEUSDT,0.01,-3.88,-3.37,0.0,23
993,HBARUSDT,PNUTUSDT,0.0,-5.41,-3.37,2.13,23
967,GALAUSDT,MAVIAUSDT,0.02,-3.63,-3.37,0.1,23
897,EULUSDT,LITUSDT,0.02,-3.7,-3.37,0.88,23
991,GUNUSDT,ROBOUSDT,0.02,-3.75,-3.37,0.46,23
996,HNTUSDT,APEXUSDT,0.02,-3.65,-3.37,4.17,23
1327,PARTIUSDT,LINEAUSDT,0.03,-3.56,-3.37,27.08,23
1218,MOCAUSDT,APEXUSDT,0.03,-3.52,-3.37,0.05,23
851,EIGENUSDT,KASUSDT,0.0,-4.21,-3.37,6.18,23
1410,POLUSDT,FARTCOINUSDT,0.01,-4.04,-3.37,0.62,23
845,EGLDUSDT,PARTIUSDT,0.01,-3.78,-3.37,48.3,23
1014,HYPERUSDT,MAVIAUSDT,0.02,-3.7,-3.37,2.65,23
424,AUCTIONUSDT,1000BONKUSDT,0.01,-3.84,-3.37,796.52,23
1018,HYPERUSDT,PORTALUSDT,0.04,-3.43,-3.37,7.52,23
1017,HYPERUSDT,MONUSDT,0.02,-3.73,-3.37,4.14,23
1246,MYXUSDT,BTCUSDT-25DEC26,0.04,-3.39,-3.37,0.0,23
651,CHZUSDT,JASMYUSDT,0.0,-4.29,-3.37,6.56,23
635,CCUSDT,DOODUSDT,0.03,-3.51,-3.37,51.01,23
174,ACUUSDT,IPUSDT,0.01,-4.04,-3.37,0.12,23
161,ACUUSDT,ENSUSDT,0.01,-3.91,-3.37,0.02,23
165,ACUUSDT,GPSUSDT,0.0,-5.03,-3.37,11.62,23
1080,KASUSDT,HBARUSDT,0.03,-3.57,-3.37,0.31,23
1112,LABUSDT,LITUSDT,0.04,-3.4,-3.37,0.14,23
1206,MNTUSDT,HBARUSDT,0.01,-3.83,-3.37,7.02,23
351,APTUSDT,EIGENUSDT,0.04,-3.39,-3.37,5.19,23
1204,MNTUSDT,BIGTIMEUSDT,0.03,-3.51,-3.37,50.65,23
1471,ROBOUSDT,IOUSDT,0.0,-4.3,-3.37,0.4,23
982,GPSUSDT,BIOUSDT,0.02,-3.62,-3.37,0.42,23
977,GOATUSDT,HBARUSDT,0.02,-3.63,-3.37,0.19,23
1168,MAVIAUSDT,DOGEUSDT,0.03,-3.51,-3.37,0.36,23
1179,MEMEUSDT,1000TURBOUSDT,0.02,-3.74,-3.37,0.0,23
1181,MEMEUSDT,OPUSDT,0.0,-4.14,-3.37,0.0,23
1337,PARTIUSDT,MORPHOUSDT,0.03,-3.47,-3.37,0.05,23
1521,SOONUSDT,ARBUSDT,0.02,-3.66,-3.37,1.61,23
1520,SOONUSDT,APEXUSDT,0.03,-3.49,-3.37,0.56,23
14,1000000MOGUSDT,MAVIAUSDT,0.01,-3.89,-3.37,4.71,23
931,FLUXUSDT,IMXUSDT,0.0,-4.79,-3.37,0.37,23
919,FFUSDT,LYNUSDT,0.01,-3.87,-3.37,0.23,23
375,ARIAUSDT,NAORISUSDT,0.03,-3.56,-3.37,2.31,23
1340,PARTIUSDT,ORCAUSDT,0.01,-3.87,-3.37,0.09,23
1342,PARTIUSDT,RUNEUSDT,0.02,-3.71,-3.37,0.2,23
633,BTCUSDT-27MAR26,MNTUSDT,0.04,-3.4,-3.37,101672.92,23
580,BRETTUSDT,KASUSDT,0.0,-4.82,-3.37,0.24,23
1165,MAVIAUSDT,ARBUSDT,0.02,-3.66,-3.37,0.34,23
57,1000NEIROCTOUSDT,APEXUSDT,0.01,-3.93,-3.37,0.23,23
9,1000000MOGUSDT,ARUSDT,0.0,-4.33,-3.37,0.1,23
23,10000SATSUSDT,MAVIAUSDT,0.02,-3.72,-3.37,0.0,23
21,10000SATSUSDT,1000BONKUSDT,0.01,-3.93,-3.37,0.02,22
18,1000000MOGUSDT,ORDIUSDT,0.01,-3.99,-3.37,0.06,22
267,ALTUSDT,BTCUSDT-13MAR26,0.01,-3.85,-3.37,0.0,22
264,ALTUSDT,BIRBUSDT,0.04,-3.38,-3.37,0.05,22
1523,SOONUSDT,ATHUSDT,0.05,-3.37,-3.37,25.93,22
1527,SOONUSDT,CRVUSDT,0.04,-3.4,-3.37,0.65,22
73,1000PEPEUSDT,FUSDT,0.0,-4.34,-3.37,0.63,22
1536,SOONUSDT,PNUTUSDT,0.04,-3.38,-3.37,3.53,22
7,1000000MOGUSDT,ALGOUSDT,0.02,-3.74,-3.37,1.85,22
958,FUSDT,GALAUSDT,0.01,-4.0,-3.37,1.57,22
366,ARCUSDT,BNBUSDT,0.04,-3.39,-3.37,0.0,22
1465,ROBOUSDT,GRTUSDT,0.02,-3.63,-3.37,1.69,22
1461,ROBOUSDT,FILUSDT,0.02,-3.65,-3.37,0.04,22
1459,ROBOUSDT,ETHUSDT-27MAR26,0.02,-3.71,-3.37,0.0,22
1458,ROBOUSDT,ETHUSDT-26JUN26,0.02,-3.72,-3.37,0.0,22
1163,MASKUSDT,PUMPFUNUSDT,0.02,-3.59,-3.37,224.23,22
935,FOGOUSDT,ALGOUSDT,0.0,-4.18,-3.37,0.27,22
1457,ROBOUSDT,ETHUSDT-24APR26,0.02,-3.71,-3.37,0.0,22
217,ADAUSDT,DRIFTUSDT,0.01,-3.99,-3.37,3.15,22
921,FFUSDT,MEUSDT,0.01,-3.83,-3.37,0.65,22
1187,MEUSDT,ATOMUSDT,0.03,-3.57,-3.37,0.06,22
1180,MEMEUSDT,AEROUSDT,0.04,-3.45,-3.37,0.0,22
1169,MAVIAUSDT,EIGENUSDT,0.01,-3.86,-3.37,0.18,22
983,GRTUSDT,IOTAUSDT,0.02,-3.61,-3.37,0.39,22
980,GOATUSDT,LTCUSDT,0.03,-3.48,-3.37,0.0,22
1470,ROBOUSDT,INJUSDT,0.02,-3.7,-3.37,0.01,22
346,APTUSDT,CELOUSDT,0.03,-3.55,-3.37,12.84,22
899,FFUSDT,1000000MOGUSDT,0.01,-3.85,-3.37,0.47,22
216,ADAUSDT,CRVUSDT,0.03,-3.5,-3.37,1.07,22
209,ADAUSDT,APTUSDT,0.02,-3.69,-3.37,0.27,22
208,ADAUSDT,APEXUSDT,0.01,-3.98,-3.37,0.92,22
1450,ROBOUSDT,CRVUSDT,0.01,-4.0,-3.37,0.18,22
1446,ROBOUSDT,CELOUSDT,0.02,-3.71,-3.37,0.57,22
1445,ROBOUSDT,CAKEUSDT,0.01,-3.83,-3.37,0.03,22
401,ASTERUSDT,BNBUSDT,0.0,-4.87,-3.37,0.0,22
1434,ROBOUSDT,AUSDT,0.01,-4.0,-3.37,0.56,22
1431,ROBOUSDT,ARUSDT,0.02,-3.76,-3.37,0.03,22
1429,ROBOUSDT,APTUSDT,0.01,-4.07,-3.37,0.04,22
1427,ROBOUSDT,APEUSDT,0.04,-3.41,-3.37,0.44,22
1425,ROBOUSDT,ALGOUSDT,0.02,-3.6,-3.37,0.51,22
911,FFUSDT,GOATUSDT,0.04,-3.44,-3.37,4.0,22
909,FFUSDT,ENSUSDT,0.02,-3.75,-3.37,0.01,22
874,ETCUSDT,SOONUSDT,0.04,-3.41,-3.37,52.09,22
873,ETCUSDT,PNUTUSDT,0.04,-3.46,-3.37,183.73,22
886,ETHUSDT-24APR26,MASKUSDT,0.02,-3.59,-3.37,4598.37,22
1232,MORPHOUSDT,JASMYUSDT,0.04,-3.41,-3.37,337.3,22
429,AUCTIONUSDT,BIRBUSDT,0.04,-3.43,-3.37,32.5,22
427,AUCTIONUSDT,APTUSDT,0.0,-4.72,-3.37,4.86,22
1412,POPCATUSDT,2ZUSDT,0.04,-3.45,-3.37,0.68,22
1223,MOCAUSDT,FILUSDT,0.01,-4.01,-3.37,0.02,22
844,EGLDUSDT,NEWTUSDT,0.0,-5.27,-3.37,62.12,22
1405,PIPPINUSDT,SEIUSDT,0.01,-3.79,-3.37,5.6,22
116,ACEUSDT,ACTUSDT,0.01,-3.95,-3.37,10.93,22
825,EGLDUSDT,AUSDT,0.02,-3.71,-3.37,53.76,22
854,ELSAUSDT,SOMIUSDT,0.03,-3.54,-3.37,0.39,22
111,AAVEUSDT,MOVEUSDT,0.0,-5.16,-3.37,5195.32,22
110,AAVEUSDT,ELSAUSDT,0.03,-3.5,-3.37,1494.12,22
106,AAVEUSDT,APTUSDT,0.0,-4.3,-3.37,115.27,22
1023,ICPUSDT,COOKIEUSDT,0.04,-3.46,-3.37,124.15,22
1019,HYPERUSDT,SNXUSDT,0.01,-4.06,-3.37,0.28,22
1265,MYXUSDT,MONUSDT,0.03,-3.52,-3.37,14.68,22
471,AXLUSDT,MOODENGUSDT,0.03,-3.51,-3.37,1.1,22
470,AXLUSDT,ELSAUSDT,0.02,-3.62,-3.37,0.72,22
463,AUSDT,SOMIUSDT,0.0,-4.71,-3.37,0.41,22
461,AUSDT,PAXGUSDT,0.03,-3.54,-3.37,0.0,22
504,BEAMUSDT,ALLOUSDT,0.01,-3.98,-3.37,0.02,22
133,ACUUSDT,ACEUSDT,0.01,-3.92,-3.37,0.69,22
129,ACTUSDT,SOLAYERUSDT,0.02,-3.69,-3.37,0.16,22
811,DYMUSDT,KGENUSDT,0.01,-3.87,-3.37,0.17,22
238,AKEUSDT,ANKRUSDT,0.04,-3.4,-3.37,0.06,22
1484,ROBOUSDT,ORCAUSDT,0.01,-3.81,-3.37,0.05,22
1482,ROBOUSDT,ONDOUSDT,0.02,-3.72,-3.37,0.17,22
1479,ROBOUSDT,MEUSDT,0.02,-3.67,-3.37,0.38,22
1034,IMXUSDT,ROSEUSDT,0.03,-3.53,-3.37,13.24,22
1033,IMXUSDT,ORDIUSDT,0.04,-3.45,-3.37,0.06,22
1029,IMXUSDT,KASUSDT,0.02,-3.6,-3.37,5.18,22
1266,MYXUSDT,MOODENGUSDT,0.04,-3.4,-3.37,6.47,22
785,DYDXUSDT,AIXBTUSDT,0.02,-3.65,-3.37,3.34,22
489,BANANAUSDT,PTBUSDT,0.01,-3.78,-3.37,3604.08,22
1280,MYXUSDT,SOMIUSDT,0.04,-3.41,-3.37,1.66,22
1400,PIPPINUSDT,PENDLEUSDT,0.0,-4.12,-3.37,0.3,22
1395,PIPPINUSDT,LABUSDT,0.0,-4.29,-3.37,2.28,22
777,DRIFTUSDT,PNUTUSDT,0.03,-3.53,-3.37,1.83,22
773,DRIFTUSDT,MEMEUSDT,0.03,-3.51,-3.37,140.45,22
1282,NOMUSDT,1000TURBOUSDT,0.04,-3.45,-3.37,0.0,22
1025,IMXUSDT,1000LUNCUSDT,0.03,-3.57,-3.37,3.68,22
1146,MAGICUSDT,AVAXUSDT,0.03,-3.58,-3.37,0.01,22
1486,ROBOUSDT,POLUSDT,0.02,-3.64,-3.37,0.44,22
225,ADAUSDT,ORDIUSDT,0.01,-3.96,-3.37,0.11,22
311,APEUSDT,METUSDT,0.0,-5.46,-3.37,0.59,22
1143,LUMIAUSDT,BOMEUSDT,0.02,-3.72,-3.37,155.0,22
1388,PIPPINUSDT,ENSUSDT,0.0,-4.23,-3.37,0.06,22
510,BEAMUSDT,CHZUSDT,0.03,-3.58,-3.37,0.05,22
1387,PIPPINUSDT,DOGEUSDT,0.0,-4.14,-3.37,4.01,22
1382,PIPPINUSDT,BANUSDT,0.0,-4.24,-3.37,3.25,22
1377,PIPPINUSDT,ADAUSDT,0.01,-3.94,-3.37,1.41,22
1376,PIPPINUSDT,ACTUSDT,0.03,-3.52,-3.37,27.74,22
716,CYBERUSDT,ATHUSDT,0.04,-3.4,-3.37,86.39,22
1297,ORDIUSDT,MEUSDT,0.02,-3.75,-3.37,21.41,22
1294,OPUSDT,SANDUSDT,0.03,-3.51,-3.37,1.48,22
1308,PARTIUSDT,CCUSDT,0.03,-3.51,-3.37,0.56,22
1306,PARTIUSDT,BRETTUSDT,0.03,-3.53,-3.37,11.89,22
1375,PIPPINUSDT,1INCHUSDT,0.0,-4.21,-3.37,3.92,22
1374,PIPPINUSDT,1000TURBOUSDT,0.0,-4.13,-3.37,0.39,22
525,BEATUSDT,SIGNUSDT,0.04,-3.42,-3.37,7.36,22
546,BIGTIMEUSDT,SEIUSDT,0.02,-3.64,-3.37,0.2,22
1071,KAIAUSDT,MNTUSDT,0.04,-3.38,-3.37,0.08,22
1368,PHAUSDT,HBARUSDT,0.0,-4.58,-3.37,0.4,22
1366,PHAUSDT,BIGTIMEUSDT,0.01,-4.04,-3.37,2.89,22
1365,PHAUSDT,AIXBTUSDT,0.04,-3.43,-3.37,1.48,22
658,CLOUSDT,AZTECUSDT,0.04,-3.39,-3.37,3.25,22
1320,PARTIUSDT,HOLOUSDT,0.01,-4.01,-3.37,1.41,22
686,CLOUSDT,JELLYJELLYUSDT,0.04,-3.38,-3.37,0.86,22
680,CLOUSDT,IMXUSDT,0.02,-3.59,-3.37,0.45,22
1135,LINEAUSDT,ONDOUSDT,0.05,-3.37,-3.37,0.01,22
1132,LINEAUSDT,LINKUSDT,0.02,-3.59,-3.37,0.0,22
293,ALTUSDT,ROSEUSDT,0.01,-4.09,-3.37,0.61,22
291,ALTUSDT,PORTALUSDT,0.0,-4.34,-3.37,0.61,22
1497,ROSEUSDT,BSVUSDT,0.02,-3.71,-3.37,0.0,22
1493,ROBOUSDT,SOONUSDT,0.03,-3.52,-3.37,0.27,22
1130,LINEAUSDT,ETHUSDT,0.03,-3.49,-3.37,0.0,22
1128,LINEAUSDT,BTCUSDT-27MAR26,0.02,-3.67,-3.37,0.0,22
1127,LINEAUSDT,BTCUSDT-25SEP26,0.02,-3.71,-3.37,0.0,22
160,ACUUSDT,ELSAUSDT,0.0,-4.13,-3.37,1.35,22
654,CLOUSDT,ACEUSDT,0.05,-3.38,-3.37,0.48,22
564,BLURUSDT,GALAUSDT,0.0,-4.44,-3.37,5.63,22
558,BLESSUSDT,JCTUSDT,0.04,-3.38,-3.37,2.9,22
179,ACUUSDT,KSMUSDT,0.01,-3.97,-3.37,0.02,22
650,CHZUSDT,ALTUSDT,0.01,-3.92,-3.37,5.1,22
645,CELOUSDT,MOVEUSDT,0.03,-3.51,-3.37,3.51,22
644,CELOUSDT,MEMEUSDT,0.03,-3.49,-3.37,127.22,22
641,CELOUSDT,GRTUSDT,0.02,-3.66,-3.37,2.95,22
170,ACUUSDT,IMXUSDT,0.01,-3.85,-3.37,0.65,22
167,ACUUSDT,HOLOUSDT,0.0,-4.23,-3.37,1.65,22
1126,LINEAUSDT,BTCUSDT-25DEC26,0.02,-3.71,-3.37,0.0,22
1125,LINEAUSDT,BTCUSDT-24APR26,0.02,-3.67,-3.37,0.0,22
1124,LINEAUSDT,BTCUSDT-20MAR26,0.02,-3.66,-3.37,0.0,22
1123,LINEAUSDT,BTCUSDT-13MAR26,0.02,-3.67,-3.37,0.0,22
1122,LINEAUSDT,BTCUSDT,0.02,-3.66,-3.37,0.0,22
1094,KGENUSDT,CELOUSDT,0.03,-3.58,-3.37,2.82,22
1116,LDOUSDT,POLUSDT,0.01,-3.92,-3.37,3.01,22
590,BSVUSDT,GALAUSDT,0.01,-3.79,-3.37,4178.58,22
587,BSVUSDT,1000BONKUSDT,0.03,-3.56,-3.37,2425.32,22
1345,PAXGUSDT,1INCHUSDT,0.01,-3.78,-3.37,54685.6,22
1339,PARTIUSDT,NOMUSDT,0.01,-3.9,-3.37,24.81,22
176,ACUUSDT,KAIAUSDT,0.01,-3.95,-3.37,1.9,22
574,BOMEUSDT,SLPUSDT,0.01,-4.01,-3.37,0.75,22
1104,KGENUSDT,PHAUSDT,0.01,-3.79,-3.37,5.41,22
1102,KGENUSDT,MEUSDT,0.02,-3.7,-3.37,1.88,22
272,ALTUSDT,BTCUSDT-27MAR26,0.01,-3.84,-3.37,0.0,22
268,ALTUSDT,BTCUSDT-20MAR26,0.01,-3.84,-3.37,0.0,22
288,ALTUSDT,MNTUSDT,0.01,-4.02,-3.37,0.01,22
254,ALGOUSDT,PENDLEUSDT,0.03,-3.54,-3.37,0.07,22
247,ALGOUSDT,APTUSDT,0.02,-3.76,-3.37,0.09,22
245,AKEUSDT,RENDERUSDT,0.03,-3.55,-3.37,0.0,22
244,AKEUSDT,PHAUSDT,0.01,-3.95,-3.37,0.01,22
242,AKEUSDT,IPUSDT,0.01,-4.08,-3.37,0.0,22
0,0GUSDT,ESPUSDT,0.04,-3.39,-3.37,5.21,21
20,1000000MOGUSDT,SOLUSDT,0.01,-3.79,-3.37,0.0,21
1487,ROBOUSDT,RONINUSDT,0.03,-3.48,-3.37,0.47,21
306,ANKRUSDT,PARTIUSDT,0.03,-3.55,-3.37,0.05,21
335,APEXUSDT,MERLUSDT,0.0,-4.11,-3.37,7.46,21
235,AIXBTUSDT,ESPUSDT,0.04,-3.38,-3.37,0.23,21
233,AEROUSDT,PYTHUSDT,0.02,-3.68,-3.37,7.07,21
1150,MANAUSDT,POLUSDT,0.02,-3.63,-3.37,0.95,21
1148,MANAUSDT,METUSDT,0.05,-3.37,-3.37,0.56,21
92,1INCHUSDT,DRIFTUSDT,0.02,-3.6,-3.37,1.13,21
86,1000RATSUSDT,ONDOUSDT,0.04,-3.39,-3.37,0.18,21
85,1000RATSUSDT,MOODENGUSDT,0.02,-3.66,-3.37,0.95,21
83,1000RATSUSDT,ENSUSDT,0.03,-3.54,-3.37,0.01,21
1053,INUSDT,LINKUSDT,0.02,-3.64,-3.37,0.01,21
1052,INUSDT,ETHUSDT-27MAR26,0.0,-4.19,-3.37,0.0,21
1076,KASUSDT,1000FLOKIUSDT,0.04,-3.38,-3.37,1.07,21
1070,JTOUSDT,OPUSDT,0.01,-3.95,-3.37,2.17,21
1060,IOTAUSDT,FUSDT,0.04,-3.41,-3.37,12.04,21
1137,LINEAUSDT,PUMPFUNUSDT,0.03,-3.54,-3.37,1.62,21
1090,KAVAUSDT,CVXUSDT,0.03,-3.47,-3.37,0.03,21
1089,KASUSDT,SNXUSDT,0.02,-3.67,-3.37,0.1,21
1000,HYPERUSDT,AXLUSDT,0.01,-3.79,-3.37,1.66,21
989,GUNUSDT,PORTALUSDT,0.01,-3.85,-3.37,1.7,21
1013,HYPERUSDT,LUNA2USDT,0.01,-3.8,-3.37,1.41,21
1009,HYPERUSDT,INUSDT,0.02,-3.72,-3.37,1.31,21
1004,HYPERUSDT,DYMUSDT,0.0,-4.43,-3.37,2.46,21
1049,INUSDT,ETHUSDT,0.0,-4.19,-3.37,0.0,21
1028,IMXUSDT,BNBUSDT,0.04,-3.46,-3.37,0.0,21
1156,MASKUSDT,BTCUSDT-25DEC26,0.02,-3.62,-3.37,0.0,21
1153,MASKUSDT,BTCUSDT-13MAR26,0.02,-3.64,-3.37,0.0,21
355,APTUSDT,JTOUSDT,0.02,-3.75,-3.37,3.66,21
352,APTUSDT,FUSDT,0.03,-3.56,-3.37,179.25,21
349,APTUSDT,DRIFTUSDT,0.01,-3.88,-3.37,11.63,21
342,APEXUSDT,SEIUSDT,0.02,-3.7,-3.37,4.34,21
370,ARCUSDT,PLAYSOUTUSDT,0.03,-3.48,-3.37,1.74,21
360,APTUSDT,PYTHUSDT,0.01,-3.77,-3.37,20.26,21
359,APTUSDT,POLUSDT,0.02,-3.76,-3.37,9.83,21
1467,ROBOUSDT,HMSTRUSDT,0.02,-3.68,-3.37,279.84,21
940,FOGOUSDT,EDENUSDT,0.02,-3.64,-3.37,0.64,21
936,FOGOUSDT,ALTUSDT,0.03,-3.54,-3.37,3.22,21
934,FOGOUSDT,2ZUSDT,0.03,-3.52,-3.37,0.31,21
965,GALAUSDT,DASHUSDT,0.01,-3.95,-3.37,0.0,21
55,1000LUNCUSDT,SANDUSDT,0.01,-3.92,-3.37,0.52,21
53,1000LUNCUSDT,JTOUSDT,0.01,-3.86,-3.37,0.16,21
49,1000LUNCUSDT,ETCUSDT,0.04,-3.44,-3.37,0.01,21
48,1000LUNCUSDT,DASHUSDT,0.03,-3.49,-3.37,0.0,21
391,ARUSDT,ENSUSDT,0.02,-3.68,-3.37,0.27,21
390,ARUSDT,DYMUSDT,0.01,-4.07,-3.37,45.0,21
214,ADAUSDT,BTCUSDT-25SEP26,0.04,-3.42,-3.37,0.0,21
213,ADAUSDT,BTCUSDT-20MAR26,0.04,-3.42,-3.37,0.0,21
212,ADAUSDT,BTCUSDT-13MAR26,0.04,-3.43,-3.37,0.0,21
211,ADAUSDT,BTCUSDT,0.04,-3.42,-3.37,0.0,21
1205,MNTUSDT,CELOUSDT,0.02,-3.68,-3.37,9.01,21
1203,MNTUSDT,ARKMUSDT,0.04,-3.45,-3.37,6.49,21
1201,MNTUSDT,1INCHUSDT,0.03,-3.59,-3.37,7.22,21
1200,MIRAUSDT,SOMIUSDT,0.0,-4.24,-3.37,0.45,21
926,FFUSDT,SLPUSDT,0.03,-3.57,-3.37,138.09,21
925,FFUSDT,SKRUSDT,0.04,-3.44,-3.37,3.13,21
917,FFUSDT,LUMIAUSDT,0.01,-3.84,-3.37,1.19,21
1183,MERLUSDT,SAHARAUSDT,0.03,-3.49,-3.37,1.49,21
946,FOGOUSDT,JSTUSDT,0.01,-3.94,-3.37,0.48,21
944,FOGOUSDT,INUSDT,0.02,-3.72,-3.37,0.34,21
1447,ROBOUSDT,CHZUSDT,0.01,-4.08,-3.37,1.17,21
1439,ROBOUSDT,BIRBUSDT,0.03,-3.49,-3.37,0.3,21
407,ASTERUSDT,GIGGLEUSDT,0.02,-3.67,-3.37,0.02,21
400,ASTERUSDT,AXLUSDT,0.04,-3.4,-3.37,13.08,21
1422,ROBOUSDT,1000FLOKIUSDT,0.01,-3.81,-3.37,1.53,21
436,AUCTIONUSDT,FOLKSUSDT,0.04,-3.4,-3.37,3.89,21
431,AUCTIONUSDT,CROUSDT,0.01,-3.92,-3.37,62.39,21
430,AUCTIONUSDT,CLOUSDT,0.05,-3.37,-3.37,67.42,21
425,AUCTIONUSDT,1000LUNCUSDT,0.0,-4.13,-3.37,110.98,21
1419,RIVERUSDT,ORBSUSDT,0.05,-3.37,-3.37,1455.59,21
1418,RENDERUSDT,PEOPLEUSDT,0.03,-3.49,-3.37,195.99,21
1409,POLUSDT,1000TURBOUSDT,0.0,-4.35,-3.37,0.1,21
1210,MNTUSDT,MEUSDT,0.02,-3.7,-3.37,5.99,21
1209,MNTUSDT,LINEAUSDT,0.02,-3.67,-3.37,213.78,21
1208,MNTUSDT,INJUSDT,0.03,-3.51,-3.37,0.23,21
913,FFUSDT,INUSDT,0.04,-3.43,-3.37,1.09,21
912,FFUSDT,INITUSDT,0.02,-3.73,-3.37,0.89,21
910,FFUSDT,GIGGLEUSDT,0.03,-3.58,-3.37,0.0,21
907,FFUSDT,BTCUSDT,0.02,-3.72,-3.37,0.0,21
906,FFUSDT,BNBUSDT,0.02,-3.72,-3.37,0.0,21
905,FFUSDT,BIRBUSDT,0.04,-3.41,-3.37,0.51,21
42,1000FLOKIUSDT,MNTUSDT,0.03,-3.52,-3.37,0.04,21
868,ETCUSDT,AEROUSDT,0.03,-3.5,-3.37,24.73,21
867,ESPUSDT,SEIUSDT,0.01,-3.77,-3.37,1.73,21
888,ETHUSDT-26JUN26,ARUSDT,0.02,-3.61,-3.37,1249.48,21
1215,MNTUSDT,PYTHUSDT,0.03,-3.5,-3.37,14.22,21
1212,MNTUSDT,ONDOUSDT,0.01,-4.06,-3.37,2.66,21
452,AUSDT,GIGGLEUSDT,0.0,-4.17,-3.37,0.0,21
438,AUCTIONUSDT,JASMYUSDT,0.02,-3.72,-3.37,838.11,21
473,AXLUSDT,PIEVERSEUSDT,0.04,-3.42,-3.37,0.1,21
460,AUSDT,PARTIUSDT,0.01,-3.82,-3.37,0.9,21
509,BEAMUSDT,BTCUSDT,0.04,-3.44,-3.37,0.0,21
506,BEAMUSDT,AZTECUSDT,0.02,-3.76,-3.37,0.09,21
499,BCHUSDT,GIGGLEUSDT,0.0,-4.3,-3.37,15.97,21
201,ACUUSDT,ROSEUSDT,0.01,-3.95,-3.37,8.56,21
199,ACUUSDT,RENDERUSDT,0.01,-3.92,-3.37,0.07,21
195,ACUUSDT,ORDIUSDT,0.01,-3.91,-3.37,0.04,21
194,ACUUSDT,NOTUSDT,0.01,-3.91,-3.37,272.78,21
1234,MYXUSDT,1000FLOKIUSDT,0.05,-3.37,-3.37,11.17,21
850,EIGENUSDT,GALAUSDT,0.03,-3.48,-3.37,54.32,21
849,EIGENUSDT,ETCUSDT,0.02,-3.65,-3.37,0.02,21
848,EGLDUSDT,SHIB1000USDT,0.0,-4.21,-3.37,760.16,21
864,ESPUSDT,APEXUSDT,0.01,-3.83,-3.37,0.4,21
119,ACTUSDT,APEUSDT,0.02,-3.7,-3.37,0.14,21
117,ACEUSDT,FLUXUSDT,0.01,-3.91,-3.37,2.51,21
861,ENSUSDT,1000000MOGUSDT,0.0,-5.11,-3.37,37.63,21
1229,MOODENGUSDT,GIGGLEUSDT,0.04,-3.41,-3.37,0.0,21
1224,MOCAUSDT,MANAUSDT,0.0,-4.68,-3.37,0.16,21
1220,MOCAUSDT,ARBUSDT,0.04,-3.39,-3.37,0.15,21
1219,MOCAUSDT,APTUSDT,0.02,-3.59,-3.37,0.02,21
526,BERAUSDT,2ZUSDT,0.01,-3.99,-3.37,7.31,21
524,BEAMUSDT,PIEVERSEUSDT,0.01,-3.86,-3.37,0.0,21
513,BEAMUSDT,FOGOUSDT,0.02,-3.62,-3.37,0.08,21
537,BERAUSDT,MYXUSDT,0.0,-4.35,-3.37,1.71,21
536,BERAUSDT,LYNUSDT,0.03,-3.53,-3.37,1.72,21
533,BERAUSDT,INUSDT,0.02,-3.64,-3.37,8.0,21
1257,MYXUSDT,GUNUSDT,0.02,-3.68,-3.37,15.52,21
1256,MYXUSDT,GOATUSDT,0.04,-3.45,-3.37,17.09,21
1255,MYXUSDT,FOLKSUSDT,0.03,-3.49,-3.37,0.26,21
1254,MYXUSDT,ETHUSDT-27MAR26,0.04,-3.39,-3.37,0.0,21
1253,MYXUSDT,ETHUSDT-26JUN26,0.04,-3.38,-3.37,0.0,21
1252,MYXUSDT,ETHUSDT-24APR26,0.04,-3.39,-3.37,0.0,21
1251,MYXUSDT,ETHUSDT,0.04,-3.39,-3.37,0.0,21
837,EGLDUSDT,KSMUSDT,0.0,-5.25,-3.37,0.91,21
832,EGLDUSDT,DUSKUSDT,0.0,-4.27,-3.37,47.79,21
831,EGLDUSDT,CROUSDT,0.0,-4.51,-3.37,55.1,21
830,EGLDUSDT,BNBUSDT,0.0,-5.12,-3.37,0.01,21
829,EGLDUSDT,BLESSUSDT,0.0,-4.34,-3.37,860.28,21
822,EGLDUSDT,1000FLOKIUSDT,0.0,-4.53,-3.37,147.1,21
1238,MYXUSDT,BEAMUSDT,0.02,-3.61,-3.37,163.62,21
142,ACUUSDT,AVAXUSDT,0.01,-3.88,-3.37,0.01,21
139,ACUUSDT,ATOMUSDT,0.01,-3.92,-3.37,0.06,21
134,ACUUSDT,ALTUSDT,0.01,-3.91,-3.37,13.98,21
131,ACUUSDT,1000LUNCUSDT,0.01,-3.97,-3.37,2.38,21
809,DYMUSDT,IPUSDT,0.01,-4.0,-3.37,0.04,21
806,DYMUSDT,INITUSDT,0.02,-3.71,-3.37,0.44,21
1259,MYXUSDT,INITUSDT,0.04,-3.38,-3.37,3.81,21
1357,PAXGUSDT,INUSDT,0.02,-3.71,-3.37,75986.2,21
1356,PAXGUSDT,HYPERUSDT,0.04,-3.46,-3.37,57939.01,21
554,BIRBUSDT,MAGICUSDT,0.04,-3.44,-3.37,2.36,21
548,BIOUSDT,AZTECUSDT,0.03,-3.54,-3.37,0.97,21
1351,PAXGUSDT,CYBERUSDT,0.02,-3.71,-3.37,9635.55,21
1336,PARTIUSDT,MOODENGUSDT,0.03,-3.55,-3.37,1.76,21
182,ACUUSDT,LTCUSDT,0.01,-3.94,-3.37,0.0,21
180,ACUUSDT,LAUSDT,0.01,-3.94,-3.37,0.46,21
191,ACUUSDT,MOODENGUSDT,0.01,-3.96,-3.37,2.07,21
643,CELOUSDT,LDOUSDT,0.03,-3.58,-3.37,0.25,21
642,CELOUSDT,KASUSDT,0.04,-3.41,-3.37,2.5,21
171,ACUUSDT,INITUSDT,0.0,-4.11,-3.37,1.22,21
664,CLOUSDT,CELOUSDT,0.03,-3.5,-3.37,0.93,21
662,CLOUSDT,CAKEUSDT,0.04,-3.44,-3.37,0.05,21
175,ACUUSDT,JASMYUSDT,0.01,-3.96,-3.37,17.97,21
1333,PARTIUSDT,MASKUSDT,0.03,-3.56,-3.37,0.2,21
733,DOGEUSDT,BTCUSDT-13MAR26,0.0,-4.33,-3.37,0.0,21
730,DASHUSDT,POLUSDT,0.04,-3.38,-3.37,335.19,21
158,ACUUSDT,DYMUSDT,0.01,-3.93,-3.37,2.79,21
151,ACUUSDT,BROCCOLIUSDT,0.0,-4.32,-3.37,7.77,21
748,DOODUSDT,LDOUSDT,0.0,-4.24,-3.37,0.01,21
767,DRIFTUSDT,ENSUSDT,0.03,-3.58,-3.37,0.01,21
766,DRIFTUSDT,ATOMUSDT,0.04,-3.44,-3.37,0.05,21
760,DOTUSDT,EIGENUSDT,0.02,-3.66,-3.37,8.02,21
1274,MYXUSDT,PIXELUSDT,0.04,-3.39,-3.37,56.89,21
1314,PARTIUSDT,DYMUSDT,0.03,-3.53,-3.37,2.38,21
1311,PARTIUSDT,CROUSDT,0.02,-3.62,-3.37,1.14,21
1310,PARTIUSDT,COWUSDT,0.01,-3.85,-3.37,0.37,21
1307,PARTIUSDT,BROCCOLIUSDT,0.02,-3.67,-3.37,6.63,21
725,DASHUSDT,CRVUSDT,0.02,-3.74,-3.37,134.64,21
724,CYBERUSDT,ORDIUSDT,0.02,-3.64,-3.37,0.22,21
710,CROUSDT,MOODENGUSDT,0.0,-4.39,-3.37,1.55,21
1293,OPNUSDT,MAGMAUSDT,0.01,-4.06,-3.37,3.56,21
1291,ONDOUSDT,EIGENUSDT,0.04,-3.39,-3.37,1.37,21
1285,NOMUSDT,MEWUSDT,0.04,-3.38,-3.37,5.8,21
1328,PARTIUSDT,LINKUSDT,0.03,-3.57,-3.37,0.01,21
1325,PARTIUSDT,JSTUSDT,0.01,-3.83,-3.37,1.76,21
1321,PARTIUSDT,HUMAUSDT,0.03,-3.58,-3.37,5.4,21
685,CLOUSDT,JASMYUSDT,0.05,-3.38,-3.37,12.43,21
704,CLOUSDT,RUNEUSDT,0.03,-3.48,-3.37,0.17,21
703,CLOUSDT,RENDERUSDT,0.05,-3.37,-3.37,0.05,21
702,CLOUSDT,PUMPFUNUSDT,0.05,-3.38,-3.37,35.58,21
1315,PARTIUSDT,FOLKSUSDT,0.03,-3.52,-3.37,0.07,21
1531,SOONUSDT,HYPERUSDT,0.03,-3.54,-3.37,1.8,21
252,ALGOUSDT,MNTUSDT,0.0,-4.2,-3.37,0.13,21
246,ALGOUSDT,1000LUNCUSDT,0.04,-3.46,-3.37,2.01,21
304,ANKRUSDT,MUSDT,0.02,-3.67,-3.37,0.0,21
300,ANKRUSDT,GPSUSDT,0.02,-3.75,-3.37,0.49,21
295,ALTUSDT,SKYUSDT,0.0,-4.24,-3.37,0.1,21
1078,KASUSDT,CAKEUSDT,0.01,-4.02,-3.37,0.02,21
1110,KSMUSDT,ETHUSDT,0.03,-3.49,-3.37,0.0,21
1109,KSMUSDT,CAKEUSDT,0.02,-3.7,-3.37,3.39,21
1108,KITEUSDT,OKBUSDT,0.01,-4.09,-3.37,0.0,21
75,1000PEPEUSDT,GRTUSDT,0.01,-3.87,-3.37,0.13,21
69,1000PEPEUSDT,ARBUSDT,0.03,-3.52,-3.37,0.03,21
1516,SOLUSDT,EIGENUSDT,0.01,-3.8,-3.37,460.52,21
1509,SKRUSDT,CYSUSDT,0.01,-4.04,-3.37,0.06,21
1525,SOONUSDT,BRETTUSDT,0.05,-3.37,-3.37,22.16,20
1517,SOMIUSDT,HYPERUSDT,0.03,-3.56,-3.37,2.14,20
1519,SOONUSDT,AAVEUSDT,0.02,-3.63,-3.37,0.0,20
1100,KGENUSDT,ENSUSDT,0.05,-3.38,-3.37,0.04,20
1101,KGENUSDT,LTCUSDT,0.04,-3.42,-3.37,0.0,20
1107,KGENUSDT,SNXUSDT,0.01,-3.89,-3.37,0.67,20
1113,LAUSDT,BLUAIUSDT,0.02,-3.7,-3.37,45.11,20
1114,LDOUSDT,MEMEUSDT,0.03,-3.48,-3.37,501.05,20
1492,ROBOUSDT,SOMIUSDT,0.01,-3.87,-3.37,0.23,20
1494,RONINUSDT,NEARUSDT,0.02,-3.68,-3.37,0.07,20
1495,RONINUSDT,SAHARAUSDT,0.01,-3.93,-3.37,3.61,20
289,ALTUSDT,MORPHOUSDT,0.04,-3.44,-3.37,0.0,20
299,ANKRUSDT,FOLKSUSDT,0.04,-3.38,-3.37,0.0,20
305,ANKRUSDT,ORCAUSDT,0.01,-3.87,-3.37,0.0,20
241,AKEUSDT,ELSAUSDT,0.02,-3.71,-3.37,0.0,20
243,AKEUSDT,NOTUSDT,0.04,-3.41,-3.37,0.66,20
249,ALGOUSDT,CRVUSDT,0.04,-3.47,-3.37,0.35,20
253,ALGOUSDT,ORDIUSDT,0.03,-3.53,-3.37,0.04,20
1316,PARTIUSDT,FUSDT,0.04,-3.44,-3.37,15.94,20
1317,PARTIUSDT,GALAUSDT,0.04,-3.45,-3.37,25.09,20
700,CLOUSDT,PNUTUSDT,0.03,-3.58,-3.37,1.53,20
675,CLOUSDT,GRTUSDT,0.04,-3.44,-3.37,2.73,20
679,CLOUSDT,ICXUSDT,0.0,-4.15,-3.37,1.96,20
684,CLOUSDT,IOUSDT,0.04,-3.38,-3.37,0.65,20
687,CLOUSDT,KAIAUSDT,0.03,-3.48,-3.37,1.31,20
691,CLOUSDT,LINEAUSDT,0.04,-3.4,-3.37,21.96,20
746,DOODUSDT,GMXUSDT,0.0,-4.63,-3.37,0.0,20
1301,PARTIUSDT,AKEUSDT,0.01,-3.94,-3.37,347.62,20
713,CRVUSDT,PENDLEUSDT,0.01,-4.0,-3.37,0.2,20
720,CYBERUSDT,LDOUSDT,0.04,-3.39,-3.37,1.8,20
1303,PARTIUSDT,ASTRUSDT,0.03,-3.58,-3.37,11.46,20
1312,PARTIUSDT,DRIFTUSDT,0.03,-3.56,-3.37,1.03,20
1275,MYXUSDT,PNUTUSDT,0.04,-3.44,-3.37,6.94,20
1277,MYXUSDT,PYTHUSDT,0.04,-3.38,-3.37,6.61,20
150,ACUUSDT,BRETTUSDT,0.01,-3.96,-3.37,13.95,20
159,ACUUSDT,EGLDUSDT,0.01,-3.88,-3.37,0.02,20
735,DOGEUSDT,ETHUSDT,0.02,-3.76,-3.37,0.0,20
736,DOGEUSDT,ETHUSDT-24APR26,0.0,-4.5,-3.37,0.0,20
737,DOGEUSDT,ETHUSDT-27MAR26,0.02,-3.74,-3.37,0.0,20
666,CLOUSDT,DOGEUSDT,0.04,-3.43,-3.37,0.76,20
671,CLOUSDT,EIGENUSDT,0.03,-3.47,-3.37,0.37,20
621,BTCUSDT-25DEC26,KASUSDT,0.02,-3.63,-3.37,2356252.62,20
627,BTCUSDT-25SEP26,KASUSDT,0.02,-3.62,-3.37,2329971.9,20
581,BRETTUSDT,LTCUSDT,0.02,-3.73,-3.37,0.0,20
570,BLURUSDT,MOVEUSDT,0.01,-3.93,-3.37,0.9,20
185,ACUUSDT,LYNUSDT,0.01,-3.96,-3.37,0.32,20
1338,PARTIUSDT,NEWTUSDT,0.03,-3.52,-3.37,1.29,20
1344,PAXGUSDT,1000BONKUSDT,0.01,-3.77,-3.37,870938.62,20
559,BLURUSDT,CELOUSDT,0.02,-3.71,-3.37,0.26,20
560,BLURUSDT,CYBERUSDT,0.01,-4.03,-3.37,0.04,20
1354,PAXGUSDT,FOGOUSDT,0.01,-4.07,-3.37,221289.58,20
1361,PAXGUSDT,MONUSDT,0.01,-3.79,-3.37,239606.22,20
1369,PHAUSDT,JUPUSDT,0.02,-3.7,-3.37,0.22,20
1370,PHAUSDT,METUSDT,0.02,-3.76,-3.37,0.23,20
1371,PHAUSDT,MEUSDT,0.0,-4.19,-3.37,0.34,20
1261,MYXUSDT,KGENUSDT,0.03,-3.48,-3.37,1.48,20
803,DYMUSDT,HMSTRUSDT,0.01,-3.93,-3.37,233.68,20
805,DYMUSDT,ICXUSDT,0.01,-3.83,-3.37,1.01,20
820,DYMUSDT,PNUTUSDT,0.0,-6.19,-3.37,0.79,20
128,ACTUSDT,OPUSDT,0.01,-4.03,-3.37,0.11,20
781,DUSKUSDT,MASKUSDT,0.04,-3.4,-3.37,0.2,20
786,DYDXUSDT,MERLUSDT,0.04,-3.44,-3.37,2.3,20
797,DYMUSDT,FFUSDT,0.02,-3.65,-3.37,0.49,20
1272,MYXUSDT,PARTIUSDT,0.04,-3.39,-3.37,3.67,20
1240,MYXUSDT,BRETTUSDT,0.03,-3.51,-3.37,43.61,20
1250,MYXUSDT,DYMUSDT,0.04,-3.44,-3.37,8.73,20
532,BERAUSDT,GPSUSDT,0.02,-3.63,-3.37,62.45,20
540,BERAUSDT,RONINUSDT,0.02,-3.69,-3.37,5.82,20
541,BERAUSDT,SOLUSDT,0.02,-3.73,-3.37,0.01,20
514,BEAMUSDT,FOLKSUSDT,0.03,-3.52,-3.37,0.0,20
521,BEAMUSDT,MNTUSDT,0.03,-3.5,-3.37,0.0,20
1372,PHAUSDT,NIGHTUSDT,0.02,-3.68,-3.37,0.67,20
1373,PIEVERSEUSDT,AKEUSDT,0.02,-3.74,-3.37,2102.15,20
1378,PIPPINUSDT,ALGOUSDT,0.0,-4.16,-3.37,4.33,20
1379,PIPPINUSDT,ALTUSDT,0.01,-3.88,-3.37,51.04,20
1381,PIPPINUSDT,AVNTUSDT,0.01,-3.82,-3.37,2.29,20
114,AAVEUSDT,PYTHUSDT,0.01,-3.91,-3.37,2335.81,20
843,EGLDUSDT,MYXUSDT,0.01,-4.11,-3.37,13.11,20
847,EGLDUSDT,ROBOUSDT,0.0,-4.48,-3.37,95.33,20
857,ENSOUSDT,FILUSDT,0.03,-3.56,-3.37,1.3,20
1383,PIPPINUSDT,BARDUSDT,0.0,-4.55,-3.37,0.3,20
1385,PIPPINUSDT,CELOUSDT,0.0,-4.3,-3.37,4.89,20
1386,PIPPINUSDT,DASHUSDT,0.0,-4.12,-3.37,0.01,20
202,ACUUSDT,SANDUSDT,0.01,-3.9,-3.37,1.23,20
205,ACUUSDT,SNXUSDT,0.01,-3.96,-3.37,0.32,20
206,ACUUSDT,SOONUSDT,0.01,-3.92,-3.37,0.63,20
1389,PIPPINUSDT,ETHUSDT-26JUN26,0.01,-4.06,-3.37,0.0,20
1390,PIPPINUSDT,FILUSDT,0.0,-4.16,-3.37,0.38,20
1392,PIPPINUSDT,HNTUSDT,0.01,-3.81,-3.37,0.31,20
1393,PIPPINUSDT,IMXUSDT,0.0,-4.28,-3.37,2.37,20
1396,PIPPINUSDT,MANAUSDT,0.0,-4.14,-3.37,3.93,20
1397,PIPPINUSDT,MOVEUSDT,0.0,-4.15,-3.37,17.18,20
1398,PIPPINUSDT,NIGHTUSDT,0.01,-4.06,-3.37,6.36,20
505,BEAMUSDT,ARCUSDT,0.02,-3.6,-3.37,0.05,20
507,BEAMUSDT,BLUAIUSDT,0.0,-4.15,-3.37,0.4,20
485,AZTECUSDT,SAHARAUSDT,0.04,-3.45,-3.37,0.83,20
455,AUSDT,ICPUSDT,0.04,-3.45,-3.37,0.03,20
468,AVNTUSDT,MIRAUSDT,0.0,-4.25,-3.37,1.88,20
1404,PIPPINUSDT,ROSEUSDT,0.01,-3.81,-3.37,31.26,20
1406,PIPPINUSDT,SOLAYERUSDT,0.01,-3.85,-3.37,4.44,20
1407,PIPPINUSDT,SOLUSDT,0.0,-4.14,-3.37,0.0,20
884,ETHUSDT-24APR26,KASUSDT,0.02,-3.62,-3.37,67073.49,20
887,ETHUSDT-26JUN26,1000LUNCUSDT,0.03,-3.57,-3.37,47929.28,20
889,ETHUSDT-26JUN26,KASUSDT,0.02,-3.62,-3.37,67430.82,20
891,ETHUSDT-26JUN26,MASKUSDT,0.03,-3.59,-3.37,4622.87,20
892,ETHUSDT-27MAR26,1000LUNCUSDT,0.03,-3.58,-3.37,47579.35,20
894,ETHUSDT-27MAR26,KASUSDT,0.02,-3.61,-3.37,66938.62,20
876,ETHUSDT,1000LUNCUSDT,0.03,-3.58,-3.37,47463.83,20
879,ETHUSDT,KASUSDT,0.03,-3.59,-3.37,66776.18,20
882,ETHUSDT-24APR26,1000LUNCUSDT,0.03,-3.57,-3.37,47675.24,20
1217,MOCAUSDT,AIXBTUSDT,0.01,-3.93,-3.37,0.56,20
901,FFUSDT,ASTERUSDT,0.02,-3.76,-3.37,0.11,20
902,FFUSDT,ATOMUSDT,0.04,-3.47,-3.37,0.04,20
903,FFUSDT,AXLUSDT,0.01,-3.78,-3.37,1.38,20
904,FFUSDT,BIOUSDT,0.04,-3.46,-3.37,3.55,20
908,FFUSDT,DOTUSDT,0.0,-4.19,-3.37,0.05,20
914,FFUSDT,IOTAUSDT,0.01,-3.89,-3.37,1.14,20
1207,MNTUSDT,HMSTRUSDT,0.0,-4.83,-3.37,4392.55,20
1414,PORTALUSDT,BOMEUSDT,0.03,-3.53,-3.37,29.56,20
1420,ROBOUSDT,1000000MOGUSDT,0.01,-3.77,-3.37,0.27,20
1421,ROBOUSDT,10000SATSUSDT,0.0,-4.25,-3.37,388.48,20
1423,ROBOUSDT,1000LUNCUSDT,0.0,-4.26,-3.37,1.02,20
1424,ROBOUSDT,1INCHUSDT,0.02,-3.72,-3.37,0.46,20
1428,ROBOUSDT,APEXUSDT,0.01,-3.82,-3.37,0.15,20
1430,ROBOUSDT,ARBUSDT,0.02,-3.75,-3.37,0.43,20
1432,ROBOUSDT,ATHUSDT,0.01,-3.91,-3.37,6.99,20
1433,ROBOUSDT,ATOMUSDT,0.02,-3.62,-3.37,0.02,20
406,ASTERUSDT,ENSUSDT,0.01,-4.05,-3.37,0.12,20
408,ASTERUSDT,GOATUSDT,0.02,-3.75,-3.37,37.86,20
410,ASTERUSDT,HMSTRUSDT,0.01,-3.87,-3.37,4519.75,20
417,ASTERUSDT,SOLUSDT,0.0,-5.36,-3.37,0.01,20
1437,ROBOUSDT,BERAUSDT,0.03,-3.57,-3.37,0.08,20
1438,ROBOUSDT,BIGTIMEUSDT,0.04,-3.45,-3.37,3.23,20
1441,ROBOUSDT,BTCUSDT,0.01,-3.88,-3.37,0.0,20
1442,ROBOUSDT,BTCUSDT-13MAR26,0.01,-3.88,-3.37,0.0,20
1443,ROBOUSDT,BTCUSDT-20MAR26,0.01,-3.88,-3.37,0.0,20
1444,ROBOUSDT,BTCUSDT-27MAR26,0.01,-3.88,-3.37,0.0,20
1448,ROBOUSDT,COWUSDT,0.02,-3.6,-3.37,0.19,20
945,FOGOUSDT,JASMYUSDT,0.03,-3.48,-3.37,4.14,20
1186,MEUSDT,APTUSDT,0.01,-4.09,-3.37,0.12,20
918,FFUSDT,LUNA2USDT,0.0,-4.59,-3.37,1.17,20
924,FFUSDT,PNUTUSDT,0.01,-3.78,-3.37,1.62,20
927,FFUSDT,SOMIUSDT,0.01,-3.8,-3.37,0.39,20
1192,MEUSDT,PNUTUSDT,0.01,-3.85,-3.37,2.49,20
1449,ROBOUSDT,CROUSDT,0.01,-3.87,-3.37,0.57,20
218,ADAUSDT,DYMUSDT,0.01,-3.99,-3.37,7.25,20
378,ARKMUSDT,DASHUSDT,0.0,-4.63,-3.37,0.0,20
393,ARUSDT,KASUSDT,0.02,-3.71,-3.37,53.96,20
395,ARUSDT,MEMEUSDT,0.02,-3.65,-3.37,2745.58,20
1453,ROBOUSDT,ELSAUSDT,0.01,-3.89,-3.37,0.58,20
1454,ROBOUSDT,ETCUSDT,0.04,-3.46,-3.37,0.01,20
1456,ROBOUSDT,ETHUSDT,0.02,-3.71,-3.37,0.0,20
1460,ROBOUSDT,FIGHTUSDT,0.03,-3.52,-3.37,8.09,20
1464,ROBOUSDT,GMTUSDT,0.02,-3.64,-3.37,3.89,20
1001,HYPERUSDT,BRETTUSDT,0.01,-4.11,-3.37,12.28,20
950,FOGOUSDT,MONUSDT,0.01,-3.91,-3.37,1.08,20
951,FOGOUSDT,MUSDT,0.02,-3.61,-3.37,0.02,20
953,FOGOUSDT,SKRUSDT,0.01,-3.82,-3.37,0.98,20
955,FORMUSDT,ENAUSDT,0.02,-3.68,-3.37,2.71,20
938,FOGOUSDT,BIOUSDT,0.03,-3.48,-3.37,1.11,20
941,FOGOUSDT,GOATUSDT,0.0,-4.36,-3.37,1.26,20
942,FOGOUSDT,GPSUSDT,0.04,-3.39,-3.37,2.68,20
1466,ROBOUSDT,HBARUSDT,0.02,-3.67,-3.37,0.45,20
368,ARCUSDT,JELLYJELLYUSDT,0.03,-3.47,-3.37,0.47,20
369,ARCUSDT,MNTUSDT,0.04,-3.43,-3.37,0.06,20
373,ARCUSDT,ROSEUSDT,0.04,-3.38,-3.37,3.27,20
1474,ROBOUSDT,KASUSDT,0.01,-3.86,-3.37,1.44,20
1476,ROBOUSDT,LTCUSDT,0.02,-3.75,-3.37,0.0,20
1477,ROBOUSDT,MAGMAUSDT,0.0,-5.04,-3.37,0.4,20
1478,ROBOUSDT,MEMEUSDT,0.0,-4.16,-3.37,73.08,20
1024,ICPUSDT,KGENUSDT,0.04,-3.42,-3.37,11.58,20
1037,INJUSDT,SAHARAUSDT,0.02,-3.65,-3.37,114.14,20
1022,ICPUSDT,AXLUSDT,0.02,-3.68,-3.37,46.17,20
1005,HYPERUSDT,FFUSDT,0.04,-3.39,-3.37,1.2,20
1006,HYPERUSDT,GALAUSDT,0.01,-4.0,-3.37,25.9,20
1007,HYPERUSDT,GRTUSDT,0.0,-4.89,-3.37,3.47,20
1011,HYPERUSDT,JELLYJELLYUSDT,0.0,-4.54,-3.37,1.1,20
1096,KGENUSDT,COOKIEUSDT,0.04,-3.4,-3.37,10.71,20
1063,IOUSDT,1000LUNCUSDT,0.04,-3.41,-3.37,2.53,20
1480,ROBOUSDT,NEWTUSDT,0.03,-3.52,-3.37,0.65,20
1483,ROBOUSDT,OPUSDT,0.01,-3.89,-3.37,0.36,20
234,AIXBTUSDT,DOODUSDT,0.01,-3.8,-3.37,8.79,20
237,AIXBTUSDT,FORMUSDT,0.01,-3.84,-3.37,0.09,20
239,AKEUSDT,ATHUSDT,0.04,-3.46,-3.37,0.04,20
310,APEUSDT,MANAUSDT,0.02,-3.69,-3.37,1.04,20
313,APEUSDT,MOVEUSDT,0.01,-4.1,-3.37,4.56,20
232,AEROUSDT,JUPUSDT,0.01,-3.77,-3.37,1.92,20
1488,ROBOUSDT,ROSEUSDT,0.0,-4.26,-3.37,3.67,20
1490,ROBOUSDT,SNXUSDT,0.01,-3.89,-3.37,0.14,20
1491,ROBOUSDT,SOLUSDT,0.01,-3.77,-3.37,0.0,20
256,ALICEUSDT,CRVUSDT,0.04,-3.45,-3.37,0.51,20
15,1000000MOGUSDT,MEUSDT,0.01,-4.06,-3.37,1.39,20
26,1000BONKUSDT,ASTERUSDT,0.0,-4.2,-3.37,0.01,20
27,1000BONKUSDT,KASUSDT,0.0,-4.99,-3.37,0.2,20
29,1000FLOKIUSDT,ALTUSDT,0.0,-4.26,-3.37,3.91,20
1538,SOONUSDT,SOLAYERUSDT,0.01,-4.0,-3.37,1.93,20
8,1000000MOGUSDT,ARBUSDT,0.04,-3.46,-3.37,1.58,20
